User,H.period,DD.period.t,UD.period.t,H.t,DD.t.i,UD.t.i,H.i,DD.i.e,UD.i.e,H.e,DD.e.five,UD.e.five,H.five,DD.five.Shift.r,UD.five.Shift.r,H.Shift.r,DD.Shift.r.o,UD.Shift.r.o,H.o,DD.o.a,UD.o.a,H.a,DD.a.n,UD.a.n,H.n,DD.n.l,UD.n.l,H.l,DD.l.Return,UD.l.Return,H.Return,Target
User,H.period,DD.period.t,UD.period.t,H.t,DD.t.i,UD.t.i,H.i,DD.i.e,UD.i.e,H.e,DD.e.five,UD.e.five,H.five,DD.five.Shift.r,UD.five.Shift.r,H.Shift.r,DD.Shift.r.o,UD.Shift.r.o,H.o,DD.o.a,UD.o.a,H.a,DD.a.n,UD.a.n,H.n,DD.n.l,UD.n.l,H.l,DD.l.Return,UD.l.Return,H.Return,Target
Atharwa,0.083,0.306,0.223,0.088,0.202,0.114,0.058,0.264,0.206,0.071,0.445,0.374,0.062,0.182,0.12,0.203,0.131,-0.072,0.082,0.344,0.262,0.061,0.114,0.053,0.089,0.561,0.472,0.074,0.226,0.152,0.078,Genuine
Atharwa,0.068,0.314,0.246,0.087,0.172,0.085,0.081,0.224,0.143,0.088,0.455,0.367,0.082,0.233,0.151,0.229,0.162,-0.067,0.078,0.337,0.259,0.071,0.116,0.045,0.077,0.193,0.116,0.05,0.259,0.209,0.071,Genuine
Atharwa,0.081,0.271,0.19,0.073,0.214,0.141,0.075,0.175,0.1,0.081,0.338,0.257,0.052,0.228,0.176,0.187,0.121,-0.066,0.095,0.373,0.278,0.082,0.152,0.07,0.082,0.191,0.109,0.067,0.264,0.197,0.056,Genuine
Atharwa,0.077,0.273,0.196,0.088,0.177,0.089,0.083,0.284,0.201,0.035,0.302,0.267,0.05,0.215,0.165,0.203,0.147,-0.056,0.066,0.297,0.231,0.083,0.133,0.05,0.075,0.17,0.095,0.076,0.243,0.167,0.066,Genuine
Atharwa,0.083,0.267,0.184,0.088,0.172,0.084,0.085,0.209,0.124,0.087,0.291,0.204,0.078,0.187,0.109,0.199,0.131,-0.068,0.078,0.343,0.265,0.079,0.111,0.032,0.093,0.197,0.104,0.077,0.268,0.191,0.078,Genuine
Atharwa,0.082,0.251,0.169,0.093,0.155,0.062,0.084,0.249,0.165,0.101,0.246,0.145,0.078,0.201,0.123,0.194,0.132,-0.062,0.072,0.298,0.226,0.091,0.116,0.025,0.077,0.187,0.11,0.088,0.267,0.179,0.042,Genuine
Atharwa,0.071,0.287,0.216,0.083,0.162,0.079,0.077,0.203,0.126,0.082,0.357,0.275,0.055,0.202,0.147,0.162,0.106,-0.056,0.083,0.302,0.219,0.087,0.132,0.045,0.077,0.211,0.134,0.088,0.258,0.17,0.072,Genuine
Atharwa,0.081,0.252,0.171,0.088,0.182,0.094,0.087,0.318,0.231,0.078,0.332,0.254,0.079,0.383,0.304,0.287,0.209,-0.078,0.108,0.39,0.282,0.084,0.129,0.045,0.077,0.196,0.119,0.069,0.258,0.189,0.072,Genuine
Atharwa,0.082,0.329,0.247,0.066,0.191,0.125,0.083,0.249,0.166,0.071,0.455,0.384,0.077,0.363,0.286,0.217,0.142,-0.075,0.092,0.394,0.302,0.078,0.169,0.091,0.07,0.2,0.13,0.056,0.255,0.199,0.068,Genuine
Atharwa,0.078,0.243,0.165,0.071,0.186,0.115,0.083,0.172,0.089,0.082,0.299,0.217,0.037,0.171,0.134,0.194,0.138,-0.056,0.066,0.372,0.306,0.078,0.131,0.053,0.084,0.217,0.133,0.066,0.253,0.187,0.071,Genuine
Atharwa,0.101,0.252,0.151,0.077,0.198,0.121,0.084,0.161,0.077,0.092,0.571,0.479,0.072,0.156,0.084,0.311,0.234,-0.077,0.086,0.336,0.25,0.075,0.141,0.066,0.072,0.207,0.135,0.067,0.232,0.165,0.078,Genuine
Atharwa,0.089,0.264,0.175,0.106,0.206,0.1,0.088,0.158,0.07,0.096,0.599,0.503,0.071,0.191,0.12,0.215,0.146,-0.069,0.12,0.358,0.238,0.087,0.137,0.05,0.081,0.198,0.117,0.071,0.272,0.201,0.027,Genuine
Atharwa,0.082,0.222,0.14,0.082,0.191,0.109,0.083,0.178,0.095,0.082,0.301,0.219,0.089,0.177,0.088,0.198,0.131,-0.067,0.086,0.34,0.254,0.091,0.14,0.049,0.079,0.184,0.105,0.07,0.226,0.156,0.076,Genuine
Atharwa,0.079,0.252,0.173,0.098,0.278,0.18,0.078,0.177,0.099,0.087,0.455,0.368,0.036,0.152,0.116,0.229,0.155,-0.074,0.098,0.368,0.27,0.089,0.128,0.039,0.082,0.208,0.126,0.061,0.233,0.172,0.081,Genuine
Atharwa,0.077,0.181,0.104,0.099,0.262,0.163,0.073,0.162,0.089,0.087,0.327,0.24,0.078,0.198,0.12,0.213,0.141,-0.072,0.112,0.375,0.263,0.086,0.142,0.056,0.091,0.19,0.099,0.078,0.259,0.181,0.082,Genuine
Atharwa,0.077,0.248,0.171,0.082,0.202,0.12,0.082,0.161,0.079,0.092,0.384,0.292,0.061,0.177,0.116,0.223,0.158,-0.065,0.106,0.322,0.216,0.076,0.131,0.055,0.082,0.183,0.101,0.077,0.221,0.144,0.081,Genuine
Atharwa,0.072,0.262,0.19,0.102,0.212,0.11,0.088,0.162,0.074,0.107,0.37,0.263,0.072,0.535,0.463,0.324,0.257,-0.067,0.133,0.569,0.436,0.092,0.178,0.086,0.075,0.216,0.141,0.062,0.263,0.201,0.072,Genuine
Atharwa,0.071,0.373,0.302,0.081,0.195,0.114,0.088,0.541,0.453,0.051,0.242,0.191,0.061,0.257,0.196,0.233,0.166,-0.067,0.077,0.355,0.278,0.05,0.185,0.135,0.058,0.557,0.499,0.062,0.247,0.185,0.072,Genuine
Atharwa,0.085,0.293,0.208,0.074,0.157,0.083,0.092,0.217,0.125,0.077,0.567,0.49,0.061,0.697,0.636,0.284,0.227,-0.057,0.102,0.543,0.441,0.074,0.268,0.194,0.082,0.268,0.186,0.073,0.328,0.255,0.056,Genuine
Atharwa,0.077,0.229,0.152,0.075,0.228,0.153,0.081,0.179,0.098,0.083,0.647,0.564,0.063,0.226,0.163,0.238,0.183,-0.055,0.114,0.373,0.259,0.076,0.151,0.075,0.083,0.187,0.104,0.062,0.263,0.201,0.071,Genuine
Atharwa,0.081,0.292,0.211,0.077,0.212,0.135,0.078,0.2,0.122,0.094,0.455,0.361,0.078,0.292,0.214,0.239,0.157,-0.082,0.127,0.373,0.246,0.088,0.157,0.069,0.071,0.171,0.1,0.077,0.246,0.169,0.08,Genuine
Atharwa,0.078,0.289,0.211,0.086,0.193,0.107,0.071,0.211,0.14,0.096,0.3,0.204,0.07,0.239,0.169,0.199,0.136,-0.063,0.072,0.363,0.291,0.074,0.126,0.052,0.092,0.203,0.111,0.066,0.253,0.187,0.075,Genuine
Atharwa,0.077,0.266,0.189,0.084,0.16,0.076,0.088,0.193,0.105,0.092,0.344,0.252,0.07,0.317,0.247,0.243,0.172,-0.071,0.112,0.333,0.221,0.076,0.136,0.06,0.066,0.218,0.152,0.072,0.258,0.186,0.082,Genuine
Atharwa,0.072,0.565,0.493,0.082,0.461,0.379,0.066,0.628,0.562,0.07,1.177,1.107,0.068,0.21,0.142,0.242,0.18,-0.062,0.082,0.369,0.287,0.083,0.137,0.054,0.072,0.197,0.125,0.066,0.245,0.179,0.079,Genuine
Atharwa,0.086,0.348,0.262,0.078,0.177,0.099,0.082,0.238,0.156,0.077,0.343,0.266,0.061,0.187,0.126,0.238,0.177,-0.061,0.073,0.359,0.286,0.086,0.132,0.046,0.096,0.216,0.12,0.072,0.259,0.187,0.086,Genuine
Atharwa,0.078,0.377,0.299,0.064,0.189,0.125,0.077,0.302,0.225,0.038,0.813,0.775,0.069,0.226,0.157,0.28,0.212,-0.068,0.078,0.698,0.62,0.077,0.763,0.686,0.072,0.226,0.154,0.074,0.285,0.211,0.076,Genuine
Atharwa,0.078,0.328,0.25,0.077,0.232,0.155,0.072,0.161,0.089,0.083,0.386,0.303,0.052,0.191,0.139,0.218,0.152,-0.066,0.098,0.34,0.242,0.074,0.144,0.07,0.089,0.205,0.116,0.068,0.248,0.18,0.075,Genuine
Atharwa,0.081,0.278,0.197,0.065,0.221,0.156,0.078,0.132,0.054,0.094,0.577,0.483,0.066,0.296,0.23,0.238,0.165,-0.073,0.123,0.379,0.256,0.077,0.141,0.064,0.094,0.198,0.104,0.056,0.243,0.187,0.061,Genuine
Atharwa,0.089,0.198,0.109,0.075,0.243,0.168,0.077,0.155,0.078,0.083,0.499,0.416,0.07,0.551,0.481,0.269,0.222,-0.047,0.106,0.615,0.509,0.072,0.111,0.039,0.078,0.219,0.141,0.062,0.232,0.17,0.068,Genuine
Atharwa,0.092,0.268,0.176,0.077,0.207,0.13,0.082,0.141,0.059,0.092,0.368,0.276,0.063,0.183,0.12,0.224,0.163,-0.061,0.09,0.344,0.254,0.081,0.134,0.053,0.083,0.88,0.797,0.076,0.275,0.199,0.079,Genuine
Atharwa,0.076,0.223,0.147,0.087,0.237,0.15,0.077,0.126,0.049,0.081,0.379,0.298,0.072,0.162,0.09,0.233,0.162,-0.071,0.081,0.38,0.299,0.086,0.134,0.048,0.085,0.212,0.127,0.073,0.252,0.179,0.074,Genuine
Atharwa,0.081,0.251,0.17,0.088,0.173,0.085,0.078,0.156,0.078,0.088,0.633,0.545,0.072,0.171,0.099,0.213,0.152,-0.061,0.132,0.424,0.292,0.082,0.115,0.033,0.093,0.214,0.121,0.065,0.231,0.166,0.083,Genuine
Atharwa,0.067,0.295,0.228,0.078,0.273,0.195,0.072,0.207,0.135,0.057,0.471,0.414,0.062,0.252,0.19,0.308,0.297,-0.011,0.062,0.339,0.277,0.079,0.123,0.044,0.096,0.222,0.126,0.066,0.226,0.16,0.078,Genuine
Atharwa,0.061,0.305,0.244,0.076,0.191,0.115,0.072,0.166,0.094,0.068,0.353,0.285,0.054,0.142,0.088,0.178,0.142,-0.036,0.067,0.318,0.251,0.077,0.09,0.013,0.095,0.193,0.098,0.067,0.248,0.181,0.071,Genuine
Atharwa,0.072,0.334,0.262,0.067,0.198,0.131,0.087,0.228,0.141,0.096,0.378,0.282,0.067,0.171,0.104,0.256,0.219,-0.037,0.072,0.332,0.26,0.074,0.138,0.064,0.062,0.165,0.103,0.064,0.228,0.164,0.073,Genuine
Atharwa,0.092,0.679,0.587,0.077,0.177,0.1,0.079,0.213,0.134,0.076,0.262,0.186,0.057,0.238,0.181,0.233,0.242,0.009,0.062,0.281,0.219,0.083,0.142,0.059,0.082,0.177,0.095,0.066,0.232,0.166,0.072,Genuine
Atharwa,0.073,0.233,0.16,0.096,0.172,0.076,0.074,0.156,0.082,0.082,0.307,0.225,0.074,0.146,0.072,0.207,0.216,0.009,0.083,0.313,0.23,0.083,0.112,0.029,0.088,0.203,0.115,0.062,0.222,0.16,0.072,Genuine
Atharwa,0.078,0.268,0.19,0.079,0.222,0.143,0.079,0.151,0.072,0.089,0.327,0.238,0.073,0.138,0.065,0.153,0.121,-0.032,0.051,0.309,0.258,0.071,0.207,0.136,0.084,0.196,0.112,0.064,0.247,0.183,0.07,Genuine
Atharwa,0.084,1.263,1.179,0.067,0.123,0.056,0.08,0.215,0.135,0.057,0.309,0.252,0.068,0.112,0.044,0.162,0.151,-0.011,0.057,0.304,0.247,0.06,0.112,0.052,0.085,0.185,0.1,0.068,0.232,0.164,0.074,Genuine
Atharwa,0.082,0.329,0.247,0.076,0.252,0.176,0.073,0.218,0.145,0.073,0.364,0.291,0.068,0.127,0.059,0.193,0.181,-0.012,0.056,0.327,0.271,0.08,0.117,0.037,0.102,0.192,0.09,0.071,0.253,0.182,0.068,Genuine
Atharwa,0.061,0.303,0.242,0.087,0.211,0.124,0.079,0.121,0.042,0.084,0.349,0.265,0.073,0.126,0.053,0.185,0.147,-0.038,0.061,0.333,0.272,0.062,0.101,0.039,0.083,0.213,0.13,0.056,0.257,0.201,0.062,Genuine
Atharwa,0.07,0.253,0.183,0.099,0.217,0.118,0.063,0.147,0.084,0.102,0.353,0.251,0.067,0.167,0.1,0.127,0.106,-0.021,0.056,0.324,0.268,0.067,0.118,0.051,0.066,0.147,0.081,0.044,0.227,0.183,0.062,Genuine
Atharwa,0.084,0.193,0.109,0.061,0.195,0.134,0.084,0.147,0.063,0.093,0.404,0.311,0.079,0.176,0.097,0.193,0.137,-0.056,0.073,0.323,0.25,0.098,0.131,0.033,0.088,0.227,0.139,0.076,0.247,0.171,0.077,Genuine
Atharwa,0.104,0.228,0.124,0.07,0.19,0.12,0.082,0.177,0.095,0.087,0.394,0.307,0.087,0.187,0.1,0.213,0.132,-0.081,0.091,0.338,0.247,0.091,0.141,0.05,0.072,0.181,0.109,0.079,0.247,0.168,0.079,Genuine
Atharwa,0.082,0.23,0.148,0.058,0.204,0.146,0.077,0.119,0.042,0.099,1.108,1.009,0.073,0.138,0.065,0.226,0.163,-0.063,0.074,0.323,0.249,0.084,0.13,0.046,0.074,0.187,0.113,0.073,0.273,0.2,0.074,Genuine
Atharwa,0.082,0.213,0.131,0.062,0.206,0.144,0.073,0.132,0.059,0.066,0.428,0.362,0.079,0.153,0.074,0.183,0.115,-0.068,0.078,0.5,0.422,0.099,0.138,0.039,0.071,0.232,0.161,0.087,0.227,0.14,0.086,Genuine
Atharwa,0.119,0.201,0.082,0.074,0.222,0.148,0.079,0.151,0.072,0.095,0.422,0.327,0.076,0.203,0.127,0.166,0.083,-0.083,0.118,0.498,0.38,0.089,0.116,0.027,0.088,0.193,0.105,0.091,0.373,0.282,0.082,Genuine
Atharwa,0.097,0.205,0.108,0.077,0.207,0.13,0.076,0.143,0.067,0.085,0.488,0.403,0.077,0.177,0.1,0.278,0.217,-0.061,0.071,0.318,0.247,0.097,0.136,0.039,0.062,0.142,0.08,0.071,0.212,0.141,0.075,Genuine
Atharwa,0.097,0.277,0.18,0.076,0.152,0.076,0.081,0.153,0.072,0.091,0.417,0.326,0.069,0.151,0.082,0.19,0.138,-0.052,0.082,0.322,0.24,0.084,0.131,0.047,0.069,0.174,0.105,0.072,0.211,0.139,0.077,Genuine
Atharwa,0.088,0.226,0.138,0.043,0.161,0.118,0.089,0.153,0.064,0.083,0.439,0.356,0.071,0.13,0.059,0.209,0.127,-0.082,0.092,0.282,0.19,0.096,0.105,0.009,0.083,0.167,0.084,0.068,0.208,0.14,0.082,Genuine
Atharwa,0.077,0.228,0.151,0.068,0.22,0.152,0.077,0.122,0.045,0.087,0.405,0.318,0.071,0.146,0.075,0.197,0.131,-0.066,0.077,0.268,0.191,0.072,0.111,0.039,0.086,0.155,0.069,0.078,0.202,0.124,0.092,Genuine
Atharwa,0.096,0.182,0.086,0.082,0.227,0.145,0.077,0.116,0.039,0.069,0.359,0.29,0.071,0.131,0.06,0.208,0.151,-0.057,0.066,0.288,0.222,0.081,0.101,0.02,0.076,0.157,0.081,0.066,0.207,0.141,0.081,Genuine
Atharwa,0.083,0.197,0.114,0.062,0.217,0.155,0.083,0.147,0.064,0.063,0.333,0.27,0.072,0.148,0.076,0.187,0.13,-0.057,0.072,0.284,0.212,0.097,0.121,0.024,0.077,0.16,0.083,0.072,0.197,0.125,0.092,Genuine
Atharwa,0.076,0.256,0.18,0.086,0.153,0.067,0.075,0.184,0.109,0.099,0.313,0.214,0.056,0.98,0.924,0.467,0.38,-0.087,0.122,0.216,0.094,0.082,0.111,0.029,0.102,0.158,0.056,0.071,0.201,0.13,0.077,Genuine
Atharwa,0.086,0.403,0.317,0.092,0.152,0.06,0.078,0.267,0.189,0.082,0.324,0.242,0.071,0.181,0.11,0.234,0.156,-0.078,0.087,0.279,0.192,0.087,0.11,0.023,0.082,0.148,0.066,0.075,0.206,0.131,0.077,Genuine
Atharwa,0.076,0.298,0.222,0.098,0.166,0.068,0.086,0.206,0.12,0.078,0.342,0.264,0.075,0.165,0.09,0.207,0.132,-0.075,0.091,0.276,0.185,0.096,0.126,0.03,0.071,0.152,0.081,0.076,0.212,0.136,0.082,Genuine
Atharwa,0.081,0.317,0.236,0.073,0.168,0.095,0.079,0.182,0.103,0.076,0.348,0.272,0.071,0.171,0.1,0.209,0.154,-0.055,0.072,0.273,0.201,0.091,0.132,0.041,0.07,0.157,0.087,0.061,0.206,0.145,0.081,Genuine
Atharwa,0.074,0.365,0.291,0.051,0.15,0.099,0.079,0.196,0.117,0.084,0.28,0.196,0.074,0.17,0.096,0.167,0.127,-0.04,0.077,0.297,0.22,0.089,0.121,0.032,0.083,0.177,0.094,0.082,0.232,0.15,0.089,Genuine
Atharwa,0.086,0.257,0.171,0.056,0.192,0.136,0.076,0.143,0.067,0.066,0.412,0.346,0.068,0.233,0.165,0.598,0.522,-0.076,0.086,0.315,0.229,0.084,0.176,0.092,0.079,0.157,0.078,0.066,0.218,0.152,0.082,Genuine
Atharwa,0.081,0.266,0.185,0.063,0.178,0.115,0.066,0.146,0.08,0.074,0.366,0.292,0.063,0.139,0.076,0.223,0.145,-0.078,0.088,0.278,0.19,0.092,0.152,0.06,0.081,0.126,0.045,0.071,0.212,0.141,0.087,Genuine
Atharwa,0.092,0.201,0.109,0.073,0.274,0.201,0.084,0.153,0.069,0.061,0.493,0.432,0.047,0.171,0.124,0.209,0.138,-0.071,0.086,0.297,0.211,0.086,0.149,0.063,0.067,0.132,0.065,0.071,0.243,0.172,0.086,Genuine
Atharwa,0.101,0.233,0.132,0.06,0.202,0.142,0.082,0.125,0.043,0.077,0.333,0.256,0.067,0.362,0.295,0.236,0.168,-0.068,0.083,0.266,0.183,0.104,0.141,0.037,0.074,0.129,0.055,0.081,0.212,0.131,0.091,Genuine
Atharwa,0.081,0.223,0.142,0.05,0.184,0.134,0.105,0.132,0.027,0.06,0.327,0.267,0.076,0.147,0.071,0.238,0.172,-0.066,0.076,0.277,0.201,0.099,0.12,0.021,0.077,0.138,0.061,0.081,0.202,0.121,0.091,Genuine
Atharwa,0.077,0.271,0.194,0.059,0.198,0.139,0.071,0.132,0.061,0.073,0.323,0.25,0.075,0.156,0.081,0.225,0.151,-0.074,0.088,0.279,0.191,0.091,0.1,0.009,0.097,0.158,0.061,0.077,0.227,0.15,0.076,Genuine
Atharwa,0.064,0.284,0.22,0.047,0.17,0.123,0.071,0.11,0.039,0.077,0.308,0.231,0.072,0.228,0.156,0.222,0.156,-0.066,0.097,0.287,0.19,0.101,0.128,0.027,0.09,0.141,0.051,0.077,0.232,0.155,0.082,Genuine
Atharwa,0.087,0.306,0.219,0.068,0.146,0.078,0.077,0.147,0.07,0.091,0.257,0.166,0.072,0.146,0.074,0.189,0.132,-0.057,0.067,0.298,0.231,0.086,0.105,0.019,0.057,0.178,0.121,0.077,0.222,0.145,0.082,Genuine
Atharwa,0.082,0.21,0.128,0.083,0.199,0.116,0.08,0.15,0.07,0.061,0.29,0.229,0.075,0.141,0.066,0.187,0.13,-0.057,0.072,0.269,0.197,0.096,0.139,0.043,0.078,0.149,0.071,0.076,0.225,0.149,0.088,Genuine
Atharwa,0.075,0.217,0.142,0.061,0.201,0.14,0.082,0.156,0.074,0.058,0.264,0.206,0.07,0.13,0.06,0.168,0.141,-0.027,0.073,0.284,0.211,0.09,0.1,0.01,0.078,0.152,0.074,0.081,0.201,0.12,0.097,Genuine
Atharwa,0.102,0.166,0.064,0.082,0.219,0.137,0.08,0.129,0.049,0.069,0.668,0.599,0.083,0.105,0.022,0.198,0.152,-0.046,0.077,0.263,0.186,0.093,0.117,0.024,0.082,0.124,0.042,0.089,0.203,0.114,0.092,Genuine
Atharwa,0.075,0.15,0.075,0.101,0.223,0.122,0.081,0.131,0.05,0.088,0.403,0.315,0.077,0.256,0.179,0.174,0.089,-0.085,0.132,0.31,0.178,0.093,0.117,0.024,0.076,0.137,0.061,0.076,0.221,0.145,0.086,Genuine
Atharwa,0.086,0.231,0.145,0.082,0.198,0.116,0.089,0.165,0.076,0.094,0.288,0.194,0.078,0.182,0.104,0.228,0.172,-0.056,0.076,0.302,0.226,0.102,0.127,0.025,0.076,0.142,0.066,0.086,0.216,0.13,0.093,Genuine
Atharwa,0.081,0.575,0.494,0.09,0.141,0.051,0.086,0.156,0.07,0.089,0.294,0.205,0.07,0.117,0.047,0.161,0.15,-0.011,0.077,0.284,0.207,0.085,0.104,0.019,0.088,0.147,0.059,0.076,0.217,0.141,0.082,Genuine
Atharwa,0.083,0.218,0.135,0.062,0.167,0.105,0.082,0.182,0.1,0.085,0.359,0.274,0.074,0.166,0.092,0.192,0.119,-0.073,0.083,0.289,0.206,0.077,0.151,0.074,0.073,0.122,0.049,0.076,0.222,0.146,0.087,Genuine
Atharwa,0.101,0.342,0.241,0.065,0.219,0.154,0.068,0.362,0.294,0.078,0.345,0.267,0.062,0.181,0.119,0.192,0.12,-0.072,0.082,0.295,0.213,0.071,0.145,0.074,0.082,0.445,0.363,0.072,0.252,0.18,0.071,Genuine
Atharwa,0.082,0.42,0.338,0.076,0.142,0.066,0.073,0.221,0.148,0.082,0.246,0.164,0.064,0.17,0.106,0.24,0.173,-0.067,0.114,0.328,0.214,0.095,0.122,0.027,0.103,0.135,0.032,0.088,0.213,0.125,0.093,Genuine
Atharwa,0.087,0.287,0.2,0.067,0.31,0.243,0.091,0.19,0.099,0.082,0.278,0.196,0.074,0.14,0.066,0.18,0.142,-0.038,0.078,0.294,0.216,0.097,0.112,0.015,0.087,0.156,0.069,0.081,0.222,0.141,0.082,Genuine
Atharwa,0.082,0.202,0.12,0.057,0.303,0.246,0.077,0.142,0.065,0.085,0.337,0.252,0.078,0.152,0.074,0.184,0.121,-0.063,0.079,0.29,0.211,0.097,0.139,0.042,0.082,0.131,0.049,0.082,0.273,0.191,0.081,Genuine
Atharwa,0.071,0.259,0.188,0.074,0.259,0.185,0.077,0.178,0.101,0.083,0.333,0.25,0.072,0.151,0.079,0.315,0.238,-0.077,0.087,0.281,0.194,0.089,0.111,0.022,0.089,0.175,0.086,0.075,0.206,0.131,0.088,Genuine
Atharwa,0.089,0.257,0.168,0.099,0.192,0.093,0.093,0.152,0.059,0.098,0.252,0.154,0.079,0.201,0.122,0.196,0.126,-0.07,0.08,0.258,0.178,0.109,0.147,0.038,0.076,0.116,0.04,0.084,0.207,0.123,0.091,Genuine
Atharwa,0.087,0.438,0.351,0.083,0.248,0.165,0.077,0.169,0.092,0.081,0.276,0.195,0.072,0.139,0.067,0.251,0.172,-0.079,0.088,0.277,0.189,0.095,0.129,0.034,0.092,0.121,0.029,0.086,0.211,0.125,0.093,Genuine
Atharwa,0.076,0.218,0.142,0.081,0.231,0.15,0.071,0.166,0.095,0.077,0.314,0.237,0.065,0.096,0.031,0.202,0.171,-0.031,0.062,0.257,0.195,0.087,0.096,0.009,0.083,0.157,0.074,0.072,0.218,0.146,0.072,Genuine
Atharwa,0.07,0.293,0.223,0.064,0.141,0.077,0.085,0.156,0.071,0.083,0.295,0.212,0.073,0.105,0.032,0.185,0.141,-0.044,0.067,0.257,0.19,0.089,0.075,-0.014,0.088,0.178,0.09,0.07,0.202,0.132,0.076,Genuine
Atharwa,0.078,0.506,0.428,0.067,0.333,0.266,0.081,0.116,0.035,0.083,0.363,0.28,0.072,0.186,0.114,0.19,0.112,-0.078,0.092,0.304,0.212,0.081,0.104,0.023,0.094,0.161,0.067,0.079,0.223,0.144,0.083,Genuine
Atharwa,0.094,0.202,0.108,0.076,0.196,0.12,0.082,0.097,0.015,0.081,0.278,0.197,0.08,0.11,0.03,0.198,0.137,-0.061,0.07,0.272,0.202,0.082,0.101,0.019,0.097,0.142,0.045,0.082,0.218,0.136,0.085,Genuine
Atharwa,0.083,0.193,0.11,0.066,0.222,0.156,0.073,0.163,0.09,0.051,0.301,0.25,0.071,0.131,0.06,0.218,0.183,-0.035,0.075,0.286,0.211,0.079,0.141,0.062,0.073,0.133,0.06,0.078,0.247,0.169,0.069,Genuine
Atharwa,0.078,0.228,0.15,0.064,0.174,0.11,0.08,0.142,0.062,0.078,0.287,0.209,0.073,0.106,0.033,0.198,0.142,-0.056,0.073,0.267,0.194,0.084,0.096,0.012,0.089,0.162,0.073,0.062,0.201,0.139,0.077,Genuine
Atharwa,0.076,0.187,0.111,0.071,0.19,0.119,0.068,0.108,0.04,0.077,0.307,0.23,0.067,0.181,0.114,0.218,0.141,-0.077,0.087,0.293,0.206,0.082,0.091,0.009,0.082,0.161,0.079,0.078,0.208,0.13,0.077,Genuine
Atharwa,0.077,0.187,0.11,0.085,0.218,0.133,0.082,0.116,0.034,0.062,0.288,0.226,0.063,0.096,0.033,0.219,0.172,-0.047,0.067,0.276,0.209,0.084,0.107,0.023,0.087,0.154,0.067,0.07,0.203,0.133,0.084,Genuine
Atharwa,0.078,0.206,0.128,0.09,0.188,0.098,0.084,0.091,0.007,0.087,0.292,0.205,0.074,0.112,0.038,0.202,0.145,-0.057,0.074,0.262,0.188,0.09,0.098,0.008,0.103,0.166,0.063,0.071,0.191,0.12,0.091,Genuine
Atharwa,0.062,0.288,0.226,0.087,0.151,0.064,0.082,0.12,0.038,0.082,0.249,0.167,0.071,0.111,0.04,0.187,0.121,-0.066,0.076,0.272,0.196,0.078,0.121,0.043,0.074,0.129,0.055,0.076,0.219,0.143,0.083,Genuine
Atharwa,0.081,0.176,0.095,0.072,0.206,0.134,0.083,0.111,0.028,0.088,0.591,0.503,0.066,0.148,0.082,0.208,0.16,-0.048,0.061,0.29,0.229,0.079,0.089,0.01,0.097,0.161,0.064,0.082,0.238,0.156,0.077,Genuine
Atharwa,0.101,0.332,0.231,0.107,0.166,0.059,0.088,0.152,0.064,0.062,0.414,0.352,0.056,0.145,0.089,0.194,0.13,-0.064,0.074,0.284,0.21,0.088,0.158,0.07,0.083,0.14,0.057,0.066,0.252,0.186,0.062,Genuine
Atharwa,0.075,0.296,0.221,0.079,0.177,0.098,0.072,0.142,0.07,0.057,0.312,0.255,0.062,0.442,0.38,0.284,0.235,-0.049,0.058,0.264,0.206,0.076,0.101,0.025,0.083,0.161,0.078,0.066,0.214,0.148,0.077,Genuine
Atharwa,0.077,0.173,0.096,0.078,0.219,0.141,0.081,0.098,0.017,0.079,0.304,0.225,0.081,0.151,0.07,0.173,0.101,-0.072,0.092,0.262,0.17,0.087,0.177,0.09,0.057,0.09,0.033,0.073,0.248,0.175,0.082,Genuine
Atharwa,0.081,0.211,0.13,0.086,0.182,0.096,0.072,0.106,0.034,0.083,0.283,0.2,0.082,0.147,0.065,0.183,0.111,-0.072,0.082,0.268,0.186,0.075,0.11,0.035,0.087,0.146,0.059,0.076,0.224,0.148,0.075,Genuine
Atharwa,0.073,0.207,0.134,0.097,0.182,0.085,0.079,0.146,0.067,0.075,0.293,0.218,0.063,0.279,0.216,0.222,0.156,-0.066,0.076,0.283,0.207,0.081,0.363,0.282,0.062,0.141,0.079,0.078,0.975,0.897,0.072,Genuine
Atharwa,0.074,0.211,0.137,0.082,0.198,0.116,0.081,0.106,0.025,0.077,0.504,0.427,0.062,0.206,0.144,0.193,0.132,-0.061,0.071,0.297,0.226,0.089,0.098,0.009,0.082,0.166,0.084,0.072,0.223,0.151,0.086,Genuine
Atharwa,0.085,0.297,0.212,0.072,0.202,0.13,0.082,0.152,0.07,0.087,0.338,0.251,0.072,0.112,0.04,0.252,0.186,-0.066,0.102,0.271,0.169,0.088,0.123,0.035,0.092,0.15,0.058,0.073,0.226,0.153,0.079,Genuine
Atharwa,0.08,0.753,0.673,0.07,0.237,0.167,0.086,0.131,0.045,0.066,0.308,0.242,0.072,0.111,0.039,0.197,0.151,-0.046,0.062,0.282,0.22,0.083,0.117,0.034,0.076,0.143,0.067,0.082,0.257,0.175,0.078,Genuine
Atharwa,0.082,0.197,0.115,0.081,0.197,0.116,0.077,0.12,0.043,0.073,0.486,0.413,0.071,0.211,0.14,0.203,0.137,-0.066,0.076,0.288,0.212,0.077,0.102,0.025,0.087,0.131,0.044,0.078,0.217,0.139,0.077,Genuine
Atharwa,0.072,0.232,0.16,0.062,0.187,0.125,0.066,0.115,0.049,0.072,0.506,0.434,0.055,0.216,0.161,0.183,0.122,-0.061,0.071,0.288,0.217,0.087,0.141,0.054,0.087,0.165,0.078,0.074,0.237,0.163,0.078,Genuine
Atharwa,0.081,0.221,0.14,0.078,0.203,0.125,0.071,0.1,0.029,0.083,0.324,0.241,0.072,0.102,0.03,0.212,0.145,-0.067,0.078,0.264,0.186,0.092,0.111,0.019,0.073,0.136,0.063,0.077,0.208,0.131,0.086,Genuine
Atharwa,0.087,0.656,0.569,0.088,0.163,0.075,0.071,0.126,0.055,0.066,0.4,0.334,0.06,0.145,0.085,0.188,0.136,-0.052,0.062,0.252,0.19,0.082,0.091,0.009,0.083,0.148,0.065,0.082,0.217,0.135,0.072,Genuine
Atharwa,0.066,0.175,0.109,0.071,0.205,0.134,0.078,0.116,0.038,0.079,0.31,0.231,0.066,0.172,0.106,0.242,0.171,-0.071,0.128,0.291,0.163,0.084,0.096,0.012,0.104,0.161,0.057,0.074,0.222,0.148,0.079,Genuine
Atharwa,0.074,0.189,0.115,0.078,0.213,0.135,0.067,0.174,0.107,0.08,0.571,0.491,0.079,0.134,0.055,0.207,0.14,-0.067,0.092,0.276,0.184,0.08,0.108,0.028,0.092,0.146,0.054,0.052,0.215,0.163,0.08,Genuine
Atharwa,0.087,0.187,0.1,0.102,0.209,0.107,0.081,0.105,0.024,0.101,0.286,0.185,0.072,0.157,0.085,0.173,0.097,-0.076,0.102,0.348,0.246,0.092,0.14,0.048,0.098,0.162,0.064,0.072,0.227,0.155,0.082,Genuine
Atharwa,0.083,0.193,0.11,0.091,0.217,0.126,0.063,0.227,0.164,0.109,0.339,0.23,0.068,0.293,0.225,0.189,0.117,-0.072,0.106,0.263,0.157,0.091,0.129,0.038,0.082,0.122,0.04,0.057,0.224,0.167,0.074,Genuine
Atharwa,0.046,0.184,0.138,0.084,1.597,1.513,0.067,0.483,0.416,0.048,0.237,0.189,0.049,0.773,0.724,0.295,0.222,-0.073,0.205,0.696,0.491,0.077,0.147,0.07,0.085,0.15,0.065,0.072,0.217,0.145,0.072,Genuine
Atharwa,0.072,0.172,0.1,0.088,0.219,0.131,0.08,0.089,0.009,0.082,0.323,0.241,0.068,0.109,0.041,0.21,0.14,-0.07,0.081,0.265,0.184,0.074,0.088,0.014,0.088,0.148,0.06,0.075,0.202,0.127,0.072,Genuine
Atharwa,0.07,0.269,0.199,0.085,0.199,0.114,0.061,0.127,0.066,0.096,0.418,0.322,0.063,0.167,0.104,0.192,0.146,-0.046,0.067,0.262,0.195,0.067,0.369,0.302,0.041,0.121,0.08,0.071,0.222,0.151,0.067,Genuine
Atharwa,0.073,0.341,0.268,0.086,0.189,0.103,0.064,0.118,0.054,0.087,0.353,0.266,0.073,0.133,0.06,0.196,0.136,-0.06,0.07,0.267,0.197,0.085,0.108,0.023,0.089,0.147,0.058,0.077,0.217,0.14,0.079,Genuine
Atharwa,0.073,0.212,0.139,0.073,0.178,0.105,0.066,0.122,0.056,0.061,0.276,0.215,0.07,0.112,0.042,0.198,0.153,-0.045,0.067,0.257,0.19,0.078,0.096,0.018,0.086,0.162,0.076,0.071,0.205,0.134,0.078,Genuine
Atharwa,0.077,0.191,0.114,0.087,0.186,0.099,0.079,0.102,0.023,0.079,0.282,0.203,0.071,0.095,0.024,0.18,0.153,-0.027,0.068,0.256,0.188,0.072,0.092,0.02,0.088,0.151,0.063,0.068,0.222,0.154,0.068,Genuine
Atharwa,0.078,0.156,0.078,0.082,0.191,0.109,0.082,0.091,0.009,0.087,0.327,0.24,0.069,0.118,0.049,0.205,0.136,-0.069,0.077,0.277,0.2,0.072,0.095,0.023,0.085,0.163,0.078,0.059,0.184,0.125,0.081,Genuine
Atharwa,0.076,0.138,0.062,0.081,0.231,0.15,0.076,0.06,-0.016,0.092,0.309,0.217,0.072,0.161,0.089,0.233,0.137,-0.096,0.201,0.559,0.358,0.072,0.127,0.055,0.096,0.171,0.075,0.067,0.672,0.605,0.078,Genuine
Atharwa,0.096,0.19,0.094,0.088,0.217,0.129,0.064,0.086,0.022,0.092,0.52,0.428,0.071,0.122,0.051,0.237,0.162,-0.075,0.091,0.296,0.205,0.079,0.106,0.027,0.088,0.154,0.066,0.056,0.203,0.147,0.064,Genuine
Atharwa,0.083,0.297,0.214,0.081,0.172,0.091,0.079,0.167,0.088,0.068,0.297,0.229,0.068,0.207,0.139,0.194,0.134,-0.06,0.07,0.251,0.181,0.086,0.125,0.039,0.088,0.128,0.04,0.064,0.212,0.148,0.07,Genuine
Atharwa,0.086,0.676,0.59,0.093,0.134,0.041,0.073,0.148,0.075,0.082,0.362,0.28,0.072,0.148,0.076,0.213,0.155,-0.058,0.068,0.286,0.218,0.07,0.127,0.057,0.058,0.149,0.091,0.061,0.21,0.149,0.066,Genuine
Atharwa,0.08,0.214,0.134,0.087,0.216,0.129,0.059,0.089,0.03,0.089,0.369,0.28,0.066,0.238,0.172,0.151,0.039,-0.112,0.238,1.413,1.175,0.078,0.127,0.049,0.087,0.141,0.054,0.062,0.198,0.136,0.071,Genuine
Atharwa,0.08,0.226,0.146,0.077,0.156,0.079,0.077,0.131,0.054,0.068,0.374,0.306,0.069,0.187,0.118,0.273,0.212,-0.061,0.091,0.294,0.203,0.075,0.332,0.257,0.077,0.141,0.064,0.057,0.212,0.155,0.066,Genuine
Atharwa,0.091,0.231,0.14,0.075,0.198,0.123,0.071,0.122,0.051,0.08,0.317,0.237,0.067,0.164,0.097,0.198,0.149,-0.049,0.069,0.268,0.199,0.081,0.1,0.019,0.082,0.238,0.156,0.074,0.277,0.203,0.061,Genuine
Atharwa,0.081,0.16,0.079,0.098,0.213,0.115,0.077,0.101,0.024,0.077,0.307,0.23,0.073,0.142,0.069,0.202,0.141,-0.061,0.071,0.263,0.192,0.088,0.097,0.009,0.075,0.181,0.106,0.062,0.217,0.155,0.071,Genuine
Atharwa,0.089,0.227,0.138,0.077,0.211,0.134,0.068,0.106,0.038,0.063,0.294,0.231,0.067,0.169,0.102,0.212,0.176,-0.036,0.055,0.3,0.245,0.105,0.187,0.082,0.089,0.232,0.143,0.072,0.359,0.287,0.058,Genuine
Atharwa,0.076,0.213,0.137,0.09,0.201,0.111,0.086,0.151,0.065,0.077,0.263,0.186,0.071,0.151,0.08,0.193,0.147,-0.046,0.07,0.302,0.232,0.078,0.101,0.023,0.088,0.203,0.115,0.067,0.213,0.146,0.071,Genuine
Atharwa,0.078,0.216,0.138,0.063,0.152,0.089,0.078,0.145,0.067,0.068,0.263,0.195,0.072,0.201,0.129,0.203,0.137,-0.066,0.076,0.297,0.221,0.073,0.086,0.013,0.088,0.218,0.13,0.066,0.227,0.161,0.072,Genuine
Atharwa,0.078,0.187,0.109,0.097,0.247,0.15,0.083,0.134,0.051,0.084,0.331,0.247,0.062,0.212,0.15,0.697,0.631,-0.066,0.118,1.093,0.975,0.084,0.103,0.019,0.073,0.142,0.069,0.077,0.215,0.138,0.079,Genuine
Atharwa,0.077,0.289,0.212,0.066,0.139,0.073,0.078,0.142,0.064,0.088,0.309,0.221,0.066,0.205,0.139,0.194,0.127,-0.067,0.077,0.271,0.194,0.084,0.122,0.038,0.086,0.165,0.079,0.063,0.234,0.171,0.072,Genuine
Atharwa,0.08,0.257,0.177,0.087,0.207,0.12,0.056,0.125,0.069,0.089,0.324,0.235,0.067,0.116,0.049,0.18,0.147,-0.033,0.066,0.273,0.207,0.075,0.095,0.02,0.086,0.162,0.076,0.072,0.223,0.151,0.071,Genuine
Atharwa,0.102,0.274,0.172,0.066,0.176,0.11,0.076,0.121,0.045,0.077,0.362,0.285,0.079,0.148,0.069,0.183,0.146,-0.037,0.061,0.278,0.217,0.077,0.111,0.034,0.086,0.166,0.08,0.061,0.222,0.161,0.04,Genuine
Atharwa,0.067,0.254,0.187,0.06,0.202,0.142,0.064,0.124,0.06,0.068,0.307,0.239,0.072,0.224,0.152,0.166,0.099,-0.067,0.113,0.597,0.484,0.065,0.095,0.03,0.081,0.192,0.111,0.056,0.222,0.166,0.066,Genuine
Atharwa,0.076,0.171,0.095,0.086,0.245,0.159,0.069,0.115,0.046,0.074,0.311,0.237,0.057,0.137,0.08,0.168,0.136,-0.032,0.066,0.299,0.233,0.071,0.084,0.013,0.092,0.192,0.1,0.072,0.239,0.167,0.074,Genuine
Atharwa,0.079,0.188,0.109,0.087,0.205,0.118,0.08,0.115,0.035,0.074,0.264,0.19,0.073,0.153,0.08,0.182,0.122,-0.06,0.092,0.282,0.19,0.085,0.104,0.019,0.087,0.172,0.085,0.064,0.227,0.163,0.077,Genuine
Atharwa,0.071,0.229,0.158,0.072,0.165,0.093,0.078,0.181,0.103,0.042,0.306,0.264,0.051,0.155,0.104,0.173,0.121,-0.052,0.063,0.261,0.198,0.1,0.109,0.009,0.087,0.185,0.098,0.073,0.244,0.171,0.076,Genuine
Atharwa,0.086,0.184,0.098,0.082,0.211,0.129,0.065,0.136,0.071,0.079,0.283,0.204,0.07,0.152,0.082,0.178,0.126,-0.052,0.069,0.294,0.225,0.083,0.145,0.062,0.092,0.193,0.101,0.058,0.231,0.173,0.074,Genuine
Atharwa,0.073,0.171,0.098,0.062,0.221,0.159,0.059,0.077,0.018,0.087,0.513,0.426,0.06,0.23,0.17,0.222,0.156,-0.066,0.092,0.266,0.174,0.079,0.128,0.049,0.071,0.114,0.043,0.079,0.212,0.133,0.084,Genuine
Atharwa,0.081,0.171,0.09,0.061,0.238,0.177,0.076,0.117,0.041,0.066,0.311,0.245,0.072,0.279,0.207,0.177,0.105,-0.072,0.108,0.312,0.204,0.082,0.126,0.044,0.082,0.153,0.071,0.071,0.228,0.157,0.085,Genuine
Atharwa,0.078,0.231,0.153,0.084,0.202,0.118,0.074,0.147,0.073,0.088,0.335,0.247,0.066,0.276,0.21,0.209,0.141,-0.068,0.092,0.318,0.226,0.084,0.179,0.095,0.045,0.119,0.074,0.079,0.233,0.154,0.071,Genuine
Atharwa,0.079,0.298,0.219,0.064,0.191,0.127,0.075,0.143,0.068,0.073,0.336,0.263,0.061,0.163,0.102,0.209,0.156,-0.053,0.064,0.373,0.309,0.067,0.218,0.151,0.087,0.343,0.256,0.072,0.237,0.165,0.077,Genuine
Atharwa,0.07,0.267,0.197,0.075,0.246,0.171,0.091,0.244,0.153,0.086,0.301,0.215,0.062,0.127,0.065,0.186,0.152,-0.034,0.055,0.425,0.37,0.075,0.134,0.059,0.073,0.13,0.057,0.067,0.227,0.16,0.068,Genuine
Atharwa,0.077,0.222,0.145,0.071,0.223,0.152,0.081,0.141,0.06,0.092,0.344,0.252,0.065,0.131,0.066,0.197,0.132,-0.065,0.077,0.251,0.174,0.078,0.096,0.018,0.093,0.157,0.064,0.072,0.212,0.14,0.082,Genuine
Atharwa,0.081,0.147,0.066,0.076,0.226,0.15,0.076,0.112,0.036,0.091,0.352,0.261,0.071,0.158,0.087,0.196,0.125,-0.071,0.082,0.263,0.181,0.099,0.106,0.007,0.092,0.147,0.055,0.061,0.212,0.151,0.081,Genuine
Atharwa,0.079,0.272,0.193,0.079,0.184,0.105,0.072,0.091,0.019,0.082,0.331,0.249,0.068,0.1,0.032,0.2,0.142,-0.058,0.073,0.272,0.199,0.085,0.096,0.011,0.09,0.137,0.047,0.066,0.202,0.136,0.079,Genuine
Atharwa,0.111,0.259,0.148,0.079,0.199,0.12,0.077,0.172,0.095,0.066,0.348,0.282,0.083,0.18,0.097,0.205,0.131,-0.074,0.086,0.287,0.201,0.047,0.102,0.055,0.088,0.157,0.069,0.086,0.747,0.661,0.109,Genuine
Atharwa,0.081,0.2,0.119,0.077,0.181,0.104,0.048,0.143,0.095,0.045,0.242,0.197,0.072,0.145,0.073,0.149,0.102,-0.047,0.066,0.273,0.207,0.076,0.109,0.033,0.063,0.123,0.06,0.073,0.184,0.111,0.085,Genuine
Atharwa,0.082,0.177,0.095,0.062,0.184,0.122,0.084,0.147,0.063,0.049,0.252,0.203,0.082,0.116,0.034,0.188,0.152,-0.036,0.067,0.282,0.215,0.09,0.076,-0.014,0.077,0.181,0.104,0.079,0.229,0.15,0.082,Genuine
Atharwa,0.071,0.145,0.074,0.082,0.197,0.115,0.068,0.111,0.043,0.077,0.255,0.178,0.074,0.2,0.126,0.173,0.105,-0.068,0.082,0.277,0.195,0.102,0.117,0.015,0.093,0.157,0.064,0.065,0.207,0.142,0.071,Genuine
Atharwa,0.075,0.168,0.093,0.075,0.214,0.139,0.077,0.105,0.028,0.069,0.272,0.203,0.074,0.2,0.126,0.166,0.09,-0.076,0.108,0.287,0.179,0.08,0.115,0.035,0.063,0.156,0.093,0.069,0.218,0.149,0.073,Genuine
Atharwa,0.034,0.68,0.646,0.063,0.277,0.214,0.089,0.678,0.589,0.056,0.403,0.347,0.074,0.157,0.083,0.182,0.13,-0.052,0.073,0.314,0.241,0.077,0.211,0.134,0.057,0.171,0.114,0.057,0.258,0.201,0.079,Genuine
Atharwa,0.072,0.178,0.106,0.087,0.189,0.102,0.085,0.125,0.04,0.095,0.279,0.184,0.073,0.249,0.176,0.224,0.167,-0.057,0.067,0.287,0.22,0.093,0.08,-0.013,0.095,0.18,0.085,0.074,0.206,0.132,0.081,Genuine
Atharwa,0.096,0.345,0.249,0.058,0.186,0.128,0.08,0.166,0.086,0.032,0.251,0.219,0.068,0.141,0.073,0.164,0.112,-0.052,0.071,0.287,0.216,0.079,0.108,0.029,0.076,0.207,0.131,0.066,0.214,0.148,0.074,Genuine
Atharwa,0.077,0.106,0.029,0.073,0.215,0.142,0.06,0.122,0.062,0.07,0.303,0.233,0.067,0.166,0.099,0.162,0.09,-0.072,0.082,0.294,0.212,0.083,0.1,0.017,0.084,0.157,0.073,0.079,0.232,0.153,0.082,Genuine
Atharwa,0.078,0.268,0.19,0.062,0.145,0.083,0.074,0.132,0.058,0.067,0.287,0.22,0.075,0.278,0.203,0.29,0.223,-0.067,0.088,0.308,0.22,0.078,0.13,0.052,0.07,0.154,0.084,0.065,0.21,0.145,0.084,Genuine
Atharwa,0.072,0.267,0.195,0.104,0.172,0.068,0.066,0.14,0.074,0.087,0.349,0.262,0.067,0.146,0.079,0.189,0.127,-0.062,0.072,0.273,0.201,0.081,0.117,0.036,0.085,0.13,0.045,0.072,0.202,0.13,0.077,Genuine
Atharwa,0.077,0.202,0.125,0.067,0.197,0.13,0.068,0.098,0.03,0.065,0.291,0.226,0.067,0.155,0.088,0.17,0.134,-0.036,0.061,0.265,0.204,0.084,0.129,0.045,0.056,0.134,0.078,0.068,0.224,0.156,0.077,Genuine
Atharwa,0.076,0.252,0.176,0.071,0.167,0.096,0.071,0.433,0.362,0.046,0.257,0.211,0.047,0.323,0.276,0.209,0.138,-0.071,0.127,0.301,0.174,0.073,0.128,0.055,0.076,0.158,0.082,0.061,0.201,0.14,0.075,Genuine
Atharwa,0.075,0.16,0.085,0.077,0.19,0.113,0.07,0.089,0.019,0.085,0.286,0.201,0.071,0.233,0.162,0.187,0.12,-0.067,0.103,0.258,0.155,0.087,0.116,0.029,0.073,0.148,0.075,0.065,0.188,0.123,0.085,Genuine
Atharwa,0.072,0.186,0.114,0.082,0.177,0.095,0.073,0.1,0.027,0.088,0.279,0.191,0.072,0.305,0.233,0.191,0.122,-0.069,0.098,0.283,0.185,0.078,0.123,0.045,0.072,0.136,0.064,0.062,0.185,0.123,0.082,Genuine
Atharwa,0.077,0.147,0.07,0.066,0.208,0.142,0.065,0.075,0.01,0.076,0.256,0.18,0.079,0.128,0.049,0.193,0.172,-0.021,0.061,0.278,0.217,0.081,0.115,0.034,0.092,0.139,0.047,0.064,0.199,0.135,0.083,Genuine
Atharwa,0.083,0.348,0.265,0.078,0.162,0.084,0.077,0.128,0.051,0.066,0.222,0.156,0.072,0.155,0.083,0.19,0.108,-0.082,0.096,0.276,0.18,0.096,0.086,-0.01,0.091,0.142,0.051,0.087,0.196,0.109,0.087,Genuine
Atharwa,0.091,0.217,0.126,0.088,0.172,0.084,0.072,0.092,0.02,0.066,0.234,0.168,0.08,0.112,0.032,0.194,0.133,-0.061,0.071,0.245,0.174,0.113,0.086,-0.027,0.077,0.152,0.075,0.082,0.217,0.135,0.092,Genuine
Atharwa,0.081,0.161,0.08,0.082,0.214,0.132,0.081,0.1,0.019,0.082,0.252,0.17,0.077,0.176,0.099,0.133,0.072,-0.061,0.071,0.246,0.175,0.099,0.124,0.025,0.092,0.12,0.028,0.076,0.208,0.132,0.09,Genuine
Atharwa,0.093,0.178,0.085,0.071,0.21,0.139,0.064,0.081,0.017,0.088,0.239,0.151,0.076,0.157,0.081,0.147,0.07,-0.077,0.108,0.265,0.157,0.105,0.091,-0.014,0.09,0.158,0.068,0.081,0.207,0.126,0.088,Genuine
Atharwa,0.071,0.268,0.197,0.072,0.333,0.261,0.093,0.197,0.104,0.067,0.38,0.313,0.061,0.413,0.352,0.203,0.13,-0.073,0.128,0.297,0.169,0.084,0.197,0.113,0.072,0.222,0.15,0.078,0.243,0.165,0.078,Genuine
Atharwa,0.092,0.188,0.096,0.107,0.227,0.12,0.077,0.09,0.013,0.087,0.263,0.176,0.071,0.248,0.177,0.217,0.151,-0.066,0.086,0.272,0.186,0.081,0.091,0.01,0.086,0.152,0.066,0.072,0.206,0.134,0.073,Genuine
Atharwa,0.077,0.156,0.079,0.083,0.217,0.134,0.071,0.101,0.03,0.067,0.287,0.22,0.078,0.744,0.666,0.419,0.35,-0.069,0.124,0.294,0.17,0.078,0.123,0.045,0.086,0.151,0.065,0.072,0.199,0.127,0.08,Genuine
Atharwa,0.061,0.156,0.095,0.064,0.212,0.148,0.075,0.086,0.011,0.058,0.268,0.21,0.078,0.313,0.235,0.239,0.167,-0.072,0.101,0.273,0.172,0.092,0.095,0.003,0.078,0.141,0.063,0.073,0.217,0.144,0.083,Genuine
Atharwa,0.071,0.13,0.059,0.078,0.193,0.115,0.076,0.085,0.009,0.077,0.249,0.172,0.071,0.191,0.12,0.157,0.081,-0.076,0.097,0.282,0.185,0.083,0.12,0.037,0.096,0.131,0.035,0.08,0.203,0.123,0.088,Genuine
Atharwa,0.084,0.116,0.032,0.087,0.253,0.166,0.082,0.131,0.049,0.089,0.287,0.198,0.068,0.262,0.194,0.213,0.131,-0.082,0.098,0.849,0.751,0.087,0.868,0.781,0.062,0.126,0.064,0.072,0.248,0.176,0.039,Genuine
Atharwa,0.093,0.299,0.206,0.076,0.128,0.052,0.076,0.233,0.157,0.075,0.373,0.298,0.067,0.4,0.333,0.168,0.101,-0.067,0.127,0.292,0.165,0.079,0.127,0.048,0.086,0.187,0.101,0.058,0.247,0.189,0.062,Genuine
Atharwa,0.086,0.213,0.127,0.075,0.186,0.111,0.071,0.141,0.07,0.031,0.249,0.218,0.065,0.165,0.1,0.174,0.109,-0.065,0.091,0.266,0.175,0.076,0.09,0.014,0.098,0.178,0.08,0.066,0.225,0.159,0.067,Genuine
Atharwa,0.071,0.215,0.144,0.071,0.202,0.131,0.063,0.07,0.007,0.087,0.309,0.222,0.073,0.403,0.33,0.182,0.112,-0.07,0.131,0.312,0.181,0.077,0.115,0.038,0.1,0.173,0.073,0.051,0.535,0.484,0.066,Genuine
Atharwa,0.075,0.201,0.126,0.076,0.177,0.101,0.077,0.085,0.008,0.078,0.278,0.2,0.085,0.156,0.071,0.174,0.101,-0.073,0.092,0.278,0.186,0.087,0.111,0.024,0.077,0.449,0.372,0.083,0.687,0.604,0.072,Genuine
Atharwa,0.094,0.318,0.224,0.127,0.202,0.075,0.084,0.166,0.082,0.071,0.278,0.207,0.072,0.12,0.048,0.199,0.126,-0.073,0.082,0.284,0.202,0.087,0.121,0.034,0.081,0.136,0.055,0.072,0.218,0.146,0.086,Genuine
Atharwa,0.086,0.226,0.14,0.087,0.194,0.107,0.075,0.1,0.025,0.071,0.281,0.21,0.08,0.199,0.119,0.143,0.065,-0.078,0.133,0.319,0.186,0.078,0.138,0.06,0.085,0.14,0.055,0.076,0.208,0.132,0.081,Genuine
Atharwa,0.085,0.155,0.07,0.08,0.222,0.142,0.078,0.103,0.025,0.059,0.246,0.187,0.082,0.125,0.043,0.174,0.087,-0.087,0.117,0.273,0.156,0.092,0.116,0.024,0.083,0.111,0.028,0.076,0.203,0.127,0.087,Genuine
Atharwa,0.081,0.252,0.171,0.088,0.185,0.097,0.078,0.108,0.03,0.071,0.308,0.237,0.091,0.186,0.095,0.202,0.134,-0.068,0.079,0.28,0.201,0.092,0.101,0.009,0.087,0.156,0.069,0.078,0.227,0.149,0.075,Genuine
Atharwa,0.077,0.521,0.444,0.073,0.141,0.068,0.083,0.11,0.027,0.082,0.284,0.202,0.071,0.156,0.085,0.162,0.095,-0.067,0.077,0.268,0.191,0.107,0.095,-0.012,0.088,0.174,0.086,0.077,0.211,0.134,0.078,Genuine
Atharwa,0.078,0.212,0.134,0.082,0.192,0.11,0.056,0.064,0.008,0.069,0.253,0.184,0.068,0.142,0.074,0.175,0.108,-0.067,0.086,0.272,0.186,0.077,0.084,0.007,0.083,0.174,0.091,0.086,0.211,0.125,0.09,Genuine
Atharwa,0.081,0.299,0.218,0.082,0.152,0.07,0.076,0.091,0.015,0.066,0.235,0.169,0.073,0.171,0.098,0.166,0.098,-0.068,0.087,0.306,0.219,0.079,0.085,0.006,0.088,0.183,0.095,0.073,0.227,0.154,0.077,Genuine
Atharwa,0.072,0.323,0.251,0.068,0.168,0.1,0.071,0.106,0.035,0.081,0.289,0.208,0.06,0.418,0.358,0.26,0.187,-0.073,0.082,0.307,0.225,0.077,0.146,0.069,0.091,0.203,0.112,0.068,0.216,0.148,0.072,Genuine
Atharwa,0.085,0.201,0.116,0.101,0.187,0.086,0.076,0.116,0.04,0.061,0.253,0.192,0.072,0.2,0.128,0.219,0.137,-0.082,0.092,0.309,0.217,0.076,0.105,0.029,0.087,0.207,0.12,0.072,0.248,0.176,0.071,Genuine
Atharwa,0.087,0.192,0.105,0.081,0.213,0.132,0.082,0.102,0.02,0.076,0.305,0.229,0.082,0.148,0.066,0.203,0.143,-0.06,0.079,0.291,0.212,0.091,0.117,0.026,0.077,0.161,0.084,0.07,0.221,0.151,0.073,Genuine
Atharwa,0.078,0.178,0.1,0.057,0.184,0.127,0.083,0.092,0.009,0.058,0.293,0.235,0.072,0.222,0.15,0.175,0.085,-0.09,0.119,0.284,0.165,0.087,0.151,0.064,0.033,0.115,0.082,0.073,0.224,0.151,0.071,Genuine
Atharwa,0.101,0.126,0.025,0.07,0.221,0.151,0.08,0.148,0.068,0.062,0.496,0.434,0.076,0.17,0.094,0.195,0.112,-0.083,0.102,0.284,0.182,0.091,0.104,0.013,0.081,0.182,0.101,0.067,0.207,0.14,0.077,Genuine
Atharwa,0.078,0.131,0.053,0.085,0.227,0.142,0.078,0.116,0.038,0.064,0.242,0.178,0.077,0.183,0.106,0.202,0.135,-0.067,0.077,0.29,0.213,0.089,0.104,0.015,0.066,0.172,0.106,0.072,0.191,0.119,0.077,Genuine
Atharwa,0.099,0.233,0.134,0.073,0.183,0.11,0.078,0.121,0.043,0.051,0.246,0.195,0.077,0.106,0.029,0.179,0.135,-0.044,0.076,0.253,0.177,0.091,0.097,0.006,0.083,0.14,0.057,0.098,0.228,0.13,0.084,Genuine
Atharwa,0.102,0.167,0.065,0.093,0.203,0.11,0.09,0.09,0,0.068,0.239,0.171,0.07,0.166,0.096,0.173,0.142,-0.031,0.077,0.263,0.186,0.086,0.11,0.024,0.067,0.157,0.09,0.081,0.222,0.141,0.066,Genuine
Atharwa,0.092,0.5,0.408,0.086,0.13,0.044,0.082,0.18,0.098,0.054,0.251,0.197,0.075,0.148,0.073,0.164,0.139,-0.025,0.076,0.272,0.196,0.097,0.103,0.006,0.085,0.157,0.072,0.074,0.207,0.133,0.083,Genuine
Atharwa,0.075,0.196,0.121,0.066,0.187,0.121,0.087,0.101,0.014,0.071,0.241,0.17,0.084,0.157,0.073,0.17,0.101,-0.069,0.079,0.27,0.191,0.106,0.09,-0.016,0.104,0.197,0.093,0.077,0.206,0.129,0.077,Genuine
Atharwa,0.097,0.162,0.065,0.062,0.216,0.154,0.092,0.081,-0.011,0.072,0.56,0.488,0.082,0.142,0.06,0.178,0.121,-0.057,0.077,0.268,0.191,0.091,0.1,0.009,0.078,0.156,0.078,0.063,0.198,0.135,0.081,Genuine
Atharwa,0.07,0.292,0.222,0.084,0.178,0.094,0.061,0.114,0.053,0.083,0.312,0.229,0.054,0.144,0.09,0.184,0.12,-0.064,0.077,0.288,0.211,0.077,0.086,0.009,0.099,0.162,0.063,0.066,0.206,0.14,0.068,Genuine
Atharwa,0.078,0.151,0.073,0.069,0.197,0.128,0.076,0.11,0.034,0.047,0.278,0.231,0.062,0.34,0.278,0.147,0.085,-0.062,0.111,0.283,0.172,0.071,0.08,0.009,0.098,0.162,0.064,0.071,0.211,0.14,0.072,Genuine
Atharwa,0.066,0.155,0.089,0.068,0.181,0.113,0.063,0.077,0.014,0.104,0.277,0.173,0.071,0.107,0.036,0.182,0.155,-0.027,0.075,0.259,0.184,0.083,0.09,0.007,0.074,0.166,0.092,0.07,0.224,0.154,0.081,Genuine
Atharwa,0.078,0.182,0.104,0.082,0.206,0.124,0.068,0.085,0.017,0.053,0.271,0.218,0.071,0.165,0.094,0.173,0.101,-0.072,0.082,0.252,0.17,0.084,0.093,0.009,0.076,0.166,0.09,0.062,0.228,0.166,0.082,Genuine
Atharwa,0.089,0.158,0.069,0.065,0.216,0.151,0.073,0.081,0.008,0.041,0.276,0.235,0.078,0.141,0.063,0.172,0.12,-0.052,0.065,0.243,0.178,0.089,0.097,0.008,0.073,0.148,0.075,0.076,0.205,0.129,0.087,Genuine
Atharwa,0.078,0.471,0.393,0.081,0.165,0.084,0.066,0.126,0.06,0.062,0.284,0.222,0.077,0.135,0.058,0.162,0.128,-0.034,0.072,0.263,0.191,0.09,0.079,-0.011,0.082,0.168,0.086,0.065,0.201,0.136,0.082,Genuine
Atharwa,0.076,0.151,0.075,0.086,0.371,0.285,0.064,0.16,0.096,0.071,0.308,0.237,0.071,0.155,0.084,0.168,0.11,-0.058,0.07,0.257,0.187,0.092,0.081,-0.011,0.092,0.187,0.095,0.071,0.232,0.161,0.079,Genuine
Atharwa,0.082,0.252,0.17,0.079,0.171,0.092,0.072,0.106,0.034,0.068,0.359,0.291,0.076,0.141,0.065,0.188,0.115,-0.073,0.088,0.254,0.166,0.081,0.136,0.055,0.072,0.111,0.039,0.072,0.217,0.145,0.077,Genuine
Atharwa,0.058,0.137,0.079,0.072,0.248,0.176,0.071,0.059,-0.012,0.083,0.333,0.25,0.068,0.375,0.307,0.161,0.101,-0.06,0.102,0.251,0.149,0.077,0.089,0.012,0.095,0.148,0.053,0.073,0.208,0.135,0.066,Genuine
Atharwa,0.077,0.171,0.094,0.073,0.211,0.138,0.059,0.078,0.019,0.078,0.277,0.199,0.077,0.157,0.08,0.172,0.105,-0.067,0.078,0.241,0.163,0.095,0.101,0.006,0.085,0.128,0.043,0.073,0.217,0.144,0.072,Genuine
Atharwa,0.068,0.151,0.083,0.067,0.182,0.115,0.076,0.123,0.047,0.061,0.268,0.207,0.069,0.125,0.056,0.193,0.124,-0.069,0.079,0.242,0.163,0.095,0.109,0.014,0.096,0.149,0.053,0.068,0.191,0.123,0.087,Genuine
Atharwa,0.071,0.232,0.161,0.061,0.141,0.08,0.067,0.119,0.052,0.033,0.234,0.201,0.061,0.183,0.122,0.163,0.091,-0.072,0.092,0.242,0.15,0.092,0.08,-0.012,0.087,0.152,0.065,0.078,0.192,0.114,0.088,Genuine
Atharwa,0.073,0.181,0.108,0.068,0.166,0.098,0.069,0.088,0.019,0.077,0.266,0.189,0.074,0.162,0.088,0.169,0.102,-0.067,0.077,0.23,0.153,0.09,0.102,0.012,0.091,0.13,0.039,0.072,0.192,0.12,0.083,Genuine
Atharwa,0.086,0.172,0.086,0.081,0.191,0.11,0.071,0.14,0.069,0.068,0.361,0.293,0.067,0.223,0.156,0.174,0.093,-0.081,0.124,0.258,0.134,0.088,0.099,0.011,0.086,0.139,0.053,0.072,0.2,0.128,0.079,Genuine
Atharwa,0.078,0.213,0.135,0.076,0.172,0.096,0.081,0.095,0.014,0.078,0.284,0.206,0.075,0.135,0.06,0.179,0.132,-0.047,0.061,0.251,0.19,0.083,0.097,0.014,0.081,0.192,0.111,0.075,0.22,0.145,0.083,Genuine
Atharwa,0.081,0.232,0.151,0.082,0.198,0.116,0.075,0.104,0.029,0.057,0.269,0.212,0.066,0.44,0.374,0.216,0.151,-0.065,0.092,0.267,0.175,0.082,0.091,0.009,0.091,0.142,0.051,0.061,0.211,0.15,0.076,Genuine
Atharwa,0.088,0.167,0.079,0.062,0.189,0.127,0.087,0.498,0.411,0.063,0.369,0.306,0.052,0.258,0.206,0.339,0.27,-0.069,0.089,0.29,0.201,0.082,0.119,0.037,0.069,0.152,0.083,0.069,0.194,0.125,0.101,Genuine
Atharwa,0.081,0.222,0.141,0.066,0.181,0.115,0.075,0.136,0.061,0.068,0.294,0.226,0.078,0.182,0.104,0.193,0.127,-0.066,0.077,0.279,0.202,0.076,0.09,0.014,0.092,0.171,0.079,0.062,0.219,0.157,0.065,Genuine
Atharwa,0.071,0.174,0.103,0.069,0.203,0.134,0.076,0.099,0.023,0.068,0.3,0.232,0.072,0.181,0.109,0.299,0.231,-0.068,0.098,0.274,0.176,0.077,0.1,0.023,0.079,0.147,0.068,0.061,0.197,0.136,0.073,Genuine
Atharwa,0.076,0.353,0.277,0.064,0.187,0.123,0.079,0.118,0.039,0.096,0.327,0.231,0.073,0.193,0.12,0.174,0.111,-0.063,0.086,0.246,0.16,0.078,0.11,0.032,0.089,0.147,0.058,0.074,0.212,0.138,0.064,Genuine
Atharwa,0.082,0.162,0.08,0.077,0.216,0.139,0.068,0.077,0.009,0.078,0.374,0.296,0.073,0.192,0.119,0.178,0.101,-0.077,0.113,0.284,0.171,0.086,0.135,0.049,0.078,0.138,0.06,0.076,0.199,0.123,0.084,Genuine
Atharwa,0.078,0.131,0.053,0.089,0.223,0.134,0.072,0.132,0.06,0.077,0.318,0.241,0.076,0.13,0.054,0.216,0.146,-0.07,0.076,0.262,0.186,0.084,0.112,0.028,0.087,0.14,0.053,0.067,0.209,0.142,0.071,Genuine
Atharwa,0.092,0.156,0.064,0.087,0.197,0.11,0.088,0.128,0.04,0.065,0.214,0.149,0.079,0.099,0.02,0.182,0.166,-0.016,0.066,0.244,0.178,0.084,0.091,0.007,0.079,0.172,0.093,0.068,0.212,0.144,0.067,Genuine
Atharwa,0.091,0.257,0.166,0.068,0.165,0.097,0.064,0.11,0.046,0.082,0.298,0.216,0.074,0.134,0.06,0.163,0.128,-0.035,0.071,0.293,0.222,0.077,0.124,0.047,0.068,0.178,0.11,0.082,0.763,0.681,0.058,Genuine
Atharwa,0.071,0.278,0.207,0.078,0.158,0.08,0.085,0.165,0.08,0.077,0.267,0.19,0.076,0.125,0.049,0.571,0.514,-0.057,0.067,0.293,0.226,0.078,0.111,0.033,0.093,0.899,0.806,0.062,0.234,0.172,0.056,Genuine
Atharwa,0.081,0.186,0.105,0.078,0.204,0.126,0.082,0.124,0.042,0.072,0.293,0.221,0.073,0.191,0.118,0.204,0.133,-0.071,0.108,0.293,0.185,0.067,0.091,0.024,0.081,0.183,0.102,0.066,0.206,0.14,0.078,Genuine
Atharwa,0.071,0.177,0.106,0.071,0.221,0.15,0.072,0.142,0.07,0.072,0.289,0.217,0.065,0.302,0.237,0.188,0.122,-0.066,0.141,0.293,0.152,0.08,0.117,0.037,0.092,0.177,0.085,0.066,0.202,0.136,0.072,Genuine
Atharwa,0.079,0.189,0.11,0.072,0.212,0.14,0.085,0.125,0.04,0.076,0.33,0.254,0.072,0.157,0.085,0.223,0.154,-0.069,0.084,0.262,0.178,0.082,0.117,0.035,0.082,0.151,0.069,0.073,0.218,0.145,0.082,Genuine
Atharwa,0.076,0.228,0.152,0.056,0.202,0.146,0.072,0.122,0.05,0.067,0.282,0.215,0.072,0.131,0.059,0.224,0.163,-0.061,0.071,0.301,0.23,0.083,0.097,0.014,0.097,0.207,0.11,0.068,0.223,0.155,0.082,Genuine
Atharwa,0.089,0.188,0.099,0.042,0.242,0.2,0.082,0.193,0.111,0.075,0.343,0.268,0.076,0.197,0.121,0.244,0.176,-0.068,0.079,0.293,0.214,0.084,0.113,0.029,0.091,0.182,0.091,0.071,0.24,0.169,0.079,Genuine
Atharwa,0.092,0.219,0.127,0.074,0.217,0.143,0.076,0.171,0.095,0.076,0.333,0.257,0.071,0.167,0.096,0.205,0.127,-0.078,0.087,0.292,0.205,0.088,0.121,0.033,0.098,0.186,0.088,0.074,0.25,0.176,0.067,Genuine
Atharwa,0.084,0.157,0.073,0.099,0.252,0.153,0.076,0.101,0.025,0.073,0.299,0.226,0.081,0.181,0.1,0.198,0.132,-0.066,0.076,0.282,0.206,0.083,0.121,0.038,0.079,0.168,0.089,0.078,0.249,0.171,0.07,Genuine
Atharwa,0.083,0.484,0.401,0.077,0.143,0.066,0.087,0.157,0.07,0.072,0.328,0.256,0.065,0.196,0.131,0.259,0.198,-0.061,0.116,0.309,0.193,0.086,0.121,0.035,0.101,0.186,0.085,0.067,0.238,0.171,0.077,Genuine
Atharwa,0.092,0.162,0.07,0.077,0.242,0.165,0.087,0.126,0.039,0.058,0.275,0.217,0.075,0.17,0.095,0.189,0.159,-0.03,0.065,0.307,0.242,0.082,0.143,0.061,0.085,0.195,0.11,0.077,0.26,0.183,0.075,Genuine
Atharwa,0.09,0.257,0.167,0.076,0.6,0.524,0.089,0.188,0.099,0.077,0.353,0.276,0.078,0.239,0.161,0.214,0.14,-0.074,0.093,0.35,0.257,0.081,0.123,0.042,0.08,0.214,0.134,0.082,0.525,0.443,0.067,Genuine
Atharwa,0.063,0.29,0.227,0.071,0.168,0.097,0.075,0.124,0.049,0.098,0.383,0.285,0.069,0.19,0.121,0.207,0.146,-0.061,0.077,0.322,0.245,0.072,0.174,0.102,0.086,0.142,0.056,0.057,0.803,0.746,0.062,Genuine
Atharwa,0.087,0.207,0.12,0.082,0.217,0.135,0.077,0.132,0.055,0.088,0.297,0.209,0.058,0.194,0.136,0.207,0.145,-0.062,0.086,0.304,0.218,0.077,0.125,0.048,0.104,0.178,0.074,0.062,0.237,0.175,0.067,Genuine
Atharwa,0.088,0.192,0.104,0.087,0.233,0.146,0.072,0.087,0.015,0.086,0.53,0.444,0.062,0.165,0.103,0.2,0.132,-0.068,0.081,0.314,0.233,0.072,0.494,0.422,0.092,0.163,0.071,0.08,0.278,0.198,0.061,Genuine
Atharwa,0.068,0.191,0.123,0.088,0.218,0.13,0.076,0.111,0.035,0.073,0.33,0.257,0.062,0.222,0.16,0.228,0.172,-0.056,0.066,0.313,0.247,0.082,0.139,0.057,0.1,0.176,0.076,0.067,0.219,0.152,0.084,Genuine
Atharwa,0.089,0.161,0.072,0.092,0.273,0.181,0.08,0.15,0.07,0.081,0.342,0.261,0.065,0.215,0.15,0.212,0.138,-0.074,0.084,0.313,0.229,0.087,0.122,0.035,0.096,0.176,0.08,0.066,0.227,0.161,0.069,Genuine
Atharwa,0.083,0.168,0.085,0.082,0.192,0.11,0.082,0.399,0.317,0.072,0.286,0.214,0.063,0.219,0.156,0.181,0.114,-0.067,0.082,0.287,0.205,0.079,0.097,0.018,0.097,0.192,0.095,0.062,0.222,0.16,0.061,Genuine
Atharwa,0.089,1.232,1.143,0.068,0.269,0.201,0.092,0.146,0.054,0.071,0.293,0.222,0.068,0.163,0.095,0.208,0.146,-0.062,0.072,0.296,0.224,0.083,0.113,0.03,0.102,0.155,0.053,0.074,0.24,0.166,0.066,Genuine
Atharwa,0.072,0.172,0.1,0.068,0.202,0.134,0.087,0.419,0.332,0.077,0.313,0.236,0.069,0.223,0.154,0.148,0.082,-0.066,0.128,0.303,0.175,0.081,0.131,0.05,0.102,0.164,0.062,0.059,0.233,0.174,0.074,Genuine
Atharwa,0.087,0.283,0.196,0.097,0.186,0.089,0.079,0.168,0.089,0.072,0.28,0.208,0.064,0.221,0.157,0.239,0.171,-0.068,0.107,0.344,0.237,0.082,0.12,0.038,0.093,0.198,0.105,0.077,0.226,0.149,0.083,Genuine
Atharwa,0.082,0.203,0.121,0.076,0.206,0.13,0.077,0.106,0.029,0.078,0.253,0.175,0.077,0.244,0.167,0.248,0.172,-0.076,0.115,0.316,0.201,0.089,0.097,0.008,0.088,0.176,0.088,0.074,0.218,0.144,0.083,Genuine
Atharwa,0.076,0.563,0.487,0.07,0.253,0.183,0.095,0.167,0.072,0.091,0.298,0.207,0.066,0.206,0.14,0.209,0.153,-0.056,0.071,0.318,0.247,0.066,0.101,0.035,0.086,0.177,0.091,0.072,0.236,0.164,0.062,Genuine
Atharwa,0.094,0.339,0.245,0.078,0.198,0.12,0.072,0.132,0.06,0.067,0.285,0.218,0.077,0.169,0.092,0.152,0.141,-0.011,0.066,0.327,0.261,0.081,0.137,0.056,0.089,0.24,0.151,0.065,0.635,0.57,0.078,Genuine
Atharwa,0.081,0.246,0.165,0.067,0.206,0.139,0.077,0.107,0.03,0.061,0.37,0.309,0.061,0.158,0.097,0.182,0.125,-0.057,0.071,0.287,0.216,0.088,0.135,0.047,0.07,0.139,0.069,0.077,0.202,0.125,0.085,Genuine
Atharwa,0.073,0.173,0.1,0.065,0.197,0.132,0.076,0.125,0.049,0.07,0.262,0.192,0.068,0.182,0.114,0.178,0.117,-0.061,0.072,0.282,0.21,0.081,0.091,0.01,0.084,0.188,0.104,0.052,0.213,0.161,0.067,Genuine
Atharwa,0.086,0.152,0.066,0.067,0.217,0.15,0.073,0.122,0.049,0.051,0.222,0.171,0.066,0.145,0.079,0.189,0.142,-0.047,0.057,0.264,0.207,0.086,0.096,0.01,0.073,0.147,0.074,0.061,1.336,1.275,0.082,Genuine
Atharwa,0.067,1.168,1.101,0.05,0.15,0.1,0.068,0.128,0.06,0.07,0.253,0.183,0.066,0.212,0.146,0.168,0.104,-0.064,0.084,0.283,0.199,0.076,0.09,0.014,0.087,0.173,0.086,0.063,0.191,0.128,0.077,Genuine
Atharwa,0.072,0.156,0.084,0.088,0.192,0.104,0.071,0.081,0.01,0.087,0.301,0.214,0.064,0.183,0.119,0.194,0.133,-0.061,0.091,0.265,0.174,0.074,0.101,0.027,0.097,0.168,0.071,0.074,0.196,0.122,0.077,Genuine
Atharwa,0.081,0.187,0.106,0.086,0.216,0.13,0.072,0.082,0.01,0.077,0.333,0.256,0.068,0.168,0.1,0.212,0.139,-0.073,0.099,0.286,0.187,0.075,0.105,0.03,0.088,0.161,0.073,0.062,0.192,0.13,0.081,Genuine
Atharwa,0.082,0.161,0.079,0.074,0.203,0.129,0.082,0.424,0.342,0.062,0.273,0.211,0.056,0.237,0.181,0.18,0.114,-0.066,0.111,0.283,0.172,0.082,0.111,0.029,0.087,0.13,0.043,0.082,0.211,0.129,0.084,Genuine
Atharwa,0.072,0.197,0.125,0.067,0.194,0.127,0.081,0.09,0.009,0.066,0.294,0.228,0.067,0.208,0.141,0.186,0.114,-0.072,0.138,0.293,0.155,0.084,0.089,0.005,0.08,0.148,0.068,0.078,0.208,0.13,0.088,Genuine
Atharwa,0.076,0.289,0.213,0.07,0.241,0.171,0.077,0.131,0.054,0.073,0.268,0.195,0.066,0.212,0.146,0.188,0.116,-0.072,0.082,0.284,0.202,0.082,0.095,0.013,0.088,0.161,0.073,0.078,0.215,0.137,0.082,Genuine
Atharwa,0.082,0.211,0.129,0.074,0.207,0.133,0.078,0.132,0.054,0.056,0.253,0.197,0.085,0.176,0.091,0.158,0.126,-0.032,0.072,0.278,0.206,0.082,0.071,-0.011,0.053,0.199,0.146,0.051,0.221,0.17,0.076,Genuine
Atharwa,0.086,0.177,0.091,0.107,0.218,0.111,0.092,0.111,0.019,0.072,0.248,0.176,0.081,0.196,0.115,0.157,0.117,-0.04,0.075,0.266,0.191,0.084,0.107,0.023,0.077,0.152,0.075,0.067,0.187,0.12,0.089,Genuine
Atharwa,0.081,0.176,0.095,0.095,0.213,0.118,0.076,0.124,0.048,0.068,0.305,0.237,0.066,0.248,0.182,0.184,0.105,-0.079,0.103,0.309,0.206,0.057,0.092,0.035,0.082,0.165,0.083,0.073,0.216,0.143,0.089,Genuine
Atharwa,0.087,0.197,0.11,0.071,0.202,0.131,0.082,0.121,0.039,0.061,0.263,0.202,0.072,0.201,0.129,0.169,0.097,-0.072,0.081,0.267,0.186,0.088,0.121,0.033,0.062,0.127,0.065,0.07,0.209,0.139,0.081,Genuine
Atharwa,0.08,0.306,0.226,0.072,0.151,0.079,0.081,0.102,0.021,0.092,0.283,0.191,0.066,0.178,0.112,0.147,0.091,-0.056,0.071,0.318,0.247,0.077,0.087,0.01,0.084,0.261,0.177,0.072,0.236,0.164,0.074,Genuine
Atharwa,0.076,0.202,0.126,0.061,0.203,0.142,0.065,0.135,0.07,0.031,0.395,0.364,0.057,0.509,0.452,0.29,0.219,-0.071,0.117,0.301,0.184,0.078,0.131,0.053,0.08,0.132,0.052,0.068,0.237,0.169,0.076,Genuine
Atharwa,0.075,0.191,0.116,0.057,0.182,0.125,0.077,0.138,0.061,0.054,0.415,0.361,0.076,0.14,0.064,0.198,0.139,-0.059,0.069,0.28,0.211,0.076,0.1,0.024,0.088,0.143,0.055,0.069,0.189,0.12,0.083,Genuine
Atharwa,0.093,0.153,0.06,0.067,0.277,0.21,0.072,0.131,0.059,0.063,0.348,0.285,0.062,0.158,0.096,0.162,0.096,-0.066,0.081,0.275,0.194,0.075,0.109,0.034,0.082,0.142,0.06,0.071,0.249,0.178,0.053,Genuine
Atharwa,0.087,0.264,0.177,0.057,0.171,0.114,0.067,0.101,0.034,0.081,0.312,0.231,0.068,0.16,0.092,0.231,0.162,-0.069,0.08,0.269,0.189,0.088,0.13,0.042,0.074,0.153,0.079,0.056,0.286,0.23,0.072,Genuine
Atharwa,0.084,0.197,0.113,0.075,0.19,0.115,0.072,0.112,0.04,0.067,0.258,0.191,0.061,0.152,0.091,0.172,0.126,-0.046,0.066,0.253,0.187,0.081,0.12,0.039,0.083,0.128,0.045,0.071,0.211,0.14,0.072,Genuine
Atharwa,0.077,0.162,0.085,0.067,0.214,0.147,0.077,0.111,0.034,0.052,0.309,0.257,0.061,0.142,0.081,0.197,0.135,-0.062,0.073,0.267,0.194,0.083,0.122,0.039,0.081,0.101,0.02,0.072,0.208,0.136,0.077,Genuine
Atharwa,0.084,0.198,0.114,0.083,0.206,0.123,0.078,0.12,0.042,0.065,0.269,0.204,0.062,0.141,0.079,0.173,0.122,-0.051,0.071,0.267,0.196,0.082,0.111,0.029,0.086,0.126,0.04,0.068,0.188,0.12,0.08,Genuine
Atharwa,0.087,0.646,0.559,0.079,0.176,0.097,0.086,0.139,0.053,0.067,0.313,0.246,0.067,0.125,0.058,0.194,0.181,-0.013,0.067,0.302,0.235,0.087,0.107,0.02,0.082,0.197,0.115,0.082,0.243,0.161,0.066,Genuine
Atharwa,0.088,0.188,0.1,0.07,0.221,0.151,0.078,0.086,0.008,0.064,0.464,0.4,0.071,0.167,0.096,0.188,0.111,-0.077,0.122,0.633,0.511,0.081,0.116,0.035,0.087,0.228,0.141,0.075,0.242,0.167,0.041,Genuine
Atharwa,0.091,0.207,0.116,0.075,0.197,0.122,0.081,0.104,0.023,0.074,0.31,0.236,0.067,0.176,0.109,0.224,0.152,-0.072,0.088,0.324,0.236,0.072,0.127,0.055,0.088,0.232,0.144,0.066,0.238,0.172,0.072,Genuine
Atharwa,0.086,0.166,0.08,0.067,0.197,0.13,0.087,0.096,0.009,0.072,0.272,0.2,0.072,0.167,0.095,0.213,0.147,-0.066,0.077,0.278,0.201,0.082,0.104,0.022,0.089,0.159,0.07,0.075,0.226,0.151,0.074,Genuine
Atharwa,0.079,0.243,0.164,0.067,0.183,0.116,0.072,0.101,0.029,0.056,0.296,0.24,0.073,0.153,0.08,0.172,0.136,-0.036,0.067,0.267,0.2,0.077,0.091,0.014,0.088,0.188,0.1,0.072,0.216,0.144,0.085,Genuine
Atharwa,0.077,0.164,0.087,0.084,0.207,0.123,0.078,0.091,0.013,0.071,0.312,0.241,0.074,0.415,0.341,0.24,0.168,-0.072,0.115,0.292,0.177,0.092,0.115,0.023,0.085,0.164,0.079,0.077,0.212,0.135,0.088,Genuine
Atharwa,0.082,0.147,0.065,0.078,0.233,0.155,0.073,0.08,0.007,0.064,0.319,0.255,0.066,0.222,0.156,0.203,0.141,-0.062,0.081,0.273,0.192,0.082,0.106,0.024,0.098,0.167,0.069,0.062,0.214,0.152,0.076,Genuine
Atharwa,0.078,0.189,0.111,0.078,0.214,0.136,0.096,0.129,0.033,0.069,0.35,0.281,0.069,0.415,0.346,0.284,0.192,-0.092,0.193,0.743,0.55,0.087,0.131,0.044,0.081,0.167,0.086,0.072,0.231,0.159,0.074,Genuine
Atharwa,0.074,0.227,0.153,0.078,0.182,0.104,0.076,0.097,0.021,0.071,0.277,0.206,0.071,0.187,0.116,0.227,0.161,-0.066,0.076,0.278,0.202,0.086,0.12,0.034,0.093,0.137,0.044,0.067,0.218,0.151,0.072,Genuine
Atharwa,0.082,0.438,0.356,0.078,0.201,0.123,0.08,0.112,0.032,0.073,0.263,0.19,0.067,0.161,0.094,0.193,0.127,-0.066,0.076,0.272,0.196,0.087,0.106,0.019,0.086,0.151,0.065,0.083,0.225,0.142,0.076,Genuine
Atharwa,0.076,0.243,0.167,0.07,0.251,0.181,0.062,0.122,0.06,0.061,0.525,0.464,0.066,0.161,0.095,0.204,0.132,-0.072,0.082,0.282,0.2,0.088,0.137,0.049,0.088,0.122,0.034,0.078,0.218,0.14,0.077,Genuine
Atharwa,0.082,0.208,0.126,0.062,0.206,0.144,0.073,0.111,0.038,0.079,0.278,0.199,0.076,0.176,0.1,0.19,0.122,-0.068,0.078,0.263,0.185,0.088,0.127,0.039,0.092,0.151,0.059,0.068,0.214,0.146,0.07,Genuine
Atharwa,0.088,0.363,0.275,0.068,0.156,0.088,0.081,0.146,0.065,0.062,0.274,0.212,0.082,0.171,0.089,0.189,0.137,-0.052,0.076,0.294,0.218,0.09,0.134,0.044,0.095,0.138,0.043,0.077,0.218,0.141,0.087,Genuine
Atharwa,0.077,0.182,0.105,0.078,0.228,0.15,0.079,0.105,0.026,0.054,0.263,0.209,0.072,0.147,0.075,0.192,0.125,-0.067,0.078,0.268,0.19,0.082,0.111,0.029,0.082,0.136,0.054,0.073,0.229,0.156,0.083,Genuine
Atharwa,0.097,0.152,0.055,0.082,0.23,0.148,0.079,0.109,0.03,0.05,0.396,0.346,0.084,0.172,0.088,0.202,0.141,-0.061,0.072,0.257,0.185,0.077,0.096,0.019,0.093,0.162,0.069,0.082,0.223,0.141,0.086,Genuine
Atharwa,0.08,0.185,0.105,0.072,0.203,0.131,0.082,0.11,0.028,0.058,0.267,0.209,0.066,0.161,0.095,0.172,0.106,-0.066,0.076,0.253,0.177,0.087,0.11,0.023,0.088,0.137,0.049,0.072,0.212,0.14,0.087,Genuine
Atharwa,0.092,0.173,0.081,0.071,0.204,0.133,0.093,0.08,-0.013,0.08,0.253,0.173,0.084,0.162,0.078,0.128,0.101,-0.027,0.068,0.252,0.184,0.089,0.102,0.013,0.078,0.147,0.069,0.073,0.246,0.173,0.082,Genuine
Atharwa,0.092,0.282,0.19,0.052,0.202,0.15,0.083,0.428,0.345,0.06,0.272,0.212,0.071,0.176,0.105,0.168,0.106,-0.062,0.073,0.255,0.182,0.1,0.156,0.056,0.085,0.12,0.035,0.077,0.214,0.137,0.089,Genuine
Atharwa,0.077,0.19,0.113,0.079,0.277,0.198,0.077,0.132,0.055,0.058,0.313,0.255,0.071,0.202,0.131,0.174,0.101,-0.073,0.117,0.303,0.186,0.072,0.107,0.035,0.092,0.172,0.08,0.055,0.212,0.157,0.073,Genuine
Atharwa,0.067,0.252,0.185,0.082,0.399,0.317,0.091,0.133,0.042,0.076,0.317,0.241,0.076,0.167,0.091,0.192,0.157,-0.035,0.066,0.288,0.222,0.081,0.105,0.024,0.092,0.171,0.079,0.072,0.25,0.178,0.068,Genuine
Atharwa,0.086,0.313,0.227,0.076,0.237,0.161,0.078,0.138,0.06,0.087,0.347,0.26,0.062,0.209,0.147,0.233,0.165,-0.068,0.078,0.368,0.29,0.095,0.187,0.092,0.073,0.166,0.093,0.072,0.283,0.211,0.069,Genuine
Atharwa,0.08,0.389,0.309,0.078,0.174,0.096,0.079,0.449,0.37,0.08,0.263,0.183,0.074,0.273,0.199,0.265,0.192,-0.073,0.082,0.313,0.231,0.082,0.142,0.06,0.087,0.167,0.08,0.066,0.268,0.202,0.065,Genuine
Atharwa,0.065,0.206,0.141,0.097,0.235,0.138,0.085,0.162,0.077,0.077,0.287,0.21,0.075,0.147,0.072,0.22,0.167,-0.053,0.066,0.288,0.222,0.081,0.101,0.02,0.086,0.182,0.096,0.056,0.252,0.196,0.087,Genuine
Atharwa,0.082,0.224,0.142,0.082,0.221,0.139,0.093,0.135,0.042,0.079,0.326,0.247,0.065,0.194,0.129,0.193,0.128,-0.065,0.086,0.291,0.205,0.077,0.126,0.049,0.081,0.146,0.065,0.072,0.218,0.146,0.082,Genuine
Atharwa,0.082,0.193,0.111,0.095,0.242,0.147,0.082,0.372,0.29,0.068,0.249,0.181,0.077,0.225,0.148,0.756,0.687,-0.069,0.092,0.323,0.231,0.089,0.167,0.078,0.092,0.132,0.04,0.067,0.247,0.18,0.077,Genuine
Atharwa,0.078,0.237,0.159,0.072,0.186,0.114,0.083,0.138,0.055,0.081,0.331,0.25,0.078,0.217,0.139,0.185,0.121,-0.064,0.087,0.283,0.196,0.086,0.111,0.025,0.087,0.167,0.08,0.072,0.226,0.154,0.073,Genuine
Atharwa,0.082,0.228,0.146,0.078,0.196,0.118,0.084,0.112,0.028,0.076,0.288,0.212,0.073,0.146,0.073,0.285,0.244,-0.041,0.071,0.286,0.215,0.088,0.097,0.009,0.106,0.186,0.08,0.067,0.214,0.147,0.082,Genuine
Atharwa,0.091,0.156,0.065,0.08,0.253,0.173,0.082,0.115,0.033,0.078,0.354,0.276,0.072,0.212,0.14,0.153,0.092,-0.061,0.136,0.313,0.177,0.085,0.115,0.03,0.092,0.245,0.153,0.065,1.558,1.493,0.077,Genuine
Atharwa,0.094,0.269,0.175,0.072,0.214,0.142,0.076,0.113,0.037,0.093,0.338,0.245,0.067,0.156,0.089,0.182,0.132,-0.05,0.06,0.282,0.222,0.086,0.112,0.026,0.071,0.166,0.095,0.071,0.233,0.162,0.076,Genuine
Atharwa,0.082,0.189,0.107,0.085,0.222,0.137,0.081,0.113,0.032,0.08,0.326,0.246,0.052,0.134,0.082,0.235,0.172,-0.063,0.073,0.334,0.261,0.076,0.116,0.04,0.081,0.181,0.1,0.071,0.233,0.162,0.086,Genuine
Atharwa,0.078,0.228,0.15,0.079,0.237,0.158,0.084,0.132,0.048,0.082,0.309,0.227,0.066,0.169,0.103,0.18,0.119,-0.061,0.072,0.307,0.235,0.088,0.133,0.045,0.075,0.136,0.061,0.079,0.226,0.147,0.082,Genuine
Atharwa,0.061,0.277,0.216,0.078,0.168,0.09,0.076,0.441,0.365,0.064,0.233,0.169,0.064,0.21,0.146,0.202,0.15,-0.052,0.062,0.298,0.236,0.073,0.12,0.047,0.082,0.163,0.081,0.05,0.19,0.14,0.072,Genuine
Atharwa,0.082,0.241,0.159,0.07,0.215,0.145,0.065,0.125,0.06,0.081,0.299,0.218,0.061,0.155,0.094,0.179,0.12,-0.059,0.069,0.259,0.19,0.081,0.126,0.045,0.091,0.132,0.041,0.06,0.206,0.146,0.065,Genuine
Atharwa,0.08,0.201,0.121,0.081,0.203,0.122,0.071,0.12,0.049,0.066,0.246,0.18,0.056,0.146,0.09,0.182,0.122,-0.06,0.071,0.266,0.195,0.075,0.116,0.041,0.088,0.132,0.044,0.067,0.198,0.131,0.075,Genuine
Atharwa,0.082,0.212,0.13,0.087,0.202,0.115,0.071,0.14,0.069,0.078,0.274,0.196,0.06,0.383,0.323,0.202,0.14,-0.062,0.082,0.269,0.187,0.09,0.156,0.066,0.077,0.12,0.043,0.041,0.209,0.168,0.075,Genuine
Atharwa,0.084,0.227,0.143,0.074,0.152,0.078,0.066,0.106,0.04,0.072,0.359,0.287,0.056,0.373,0.317,0.199,0.135,-0.064,0.079,0.274,0.195,0.082,0.118,0.036,0.085,0.131,0.046,0.061,0.208,0.147,0.072,Genuine
Atharwa,0.081,0.225,0.144,0.083,0.176,0.093,0.077,0.117,0.04,0.102,0.292,0.19,0.068,0.38,0.312,0.197,0.125,-0.072,0.098,0.305,0.207,0.086,0.141,0.055,0.077,0.128,0.051,0.061,0.212,0.151,0.074,Genuine
Atharwa,0.072,0.222,0.15,0.062,0.363,0.301,0.088,0.178,0.09,0.076,0.25,0.174,0.075,0.199,0.124,0.21,0.143,-0.067,0.075,0.271,0.196,0.08,0.124,0.044,0.078,0.117,0.039,0.072,0.207,0.135,0.079,Genuine
Atharwa,0.088,0.185,0.097,0.077,0.227,0.15,0.072,0.128,0.056,0.073,0.287,0.214,0.077,0.171,0.094,0.245,0.193,-0.052,0.087,0.258,0.171,0.081,0.156,0.075,0.082,0.095,0.013,0.068,0.209,0.141,0.081,Genuine
Atharwa,0.061,0.767,0.706,0.072,0.172,0.1,0.077,0.117,0.04,0.075,0.261,0.186,0.077,0.169,0.092,0.194,0.148,-0.046,0.066,0.263,0.197,0.086,0.138,0.052,0.082,0.126,0.044,0.06,0.19,0.13,0.074,Genuine
Atharwa,0.088,0.168,0.08,0.081,0.205,0.124,0.083,0.131,0.048,0.066,0.231,0.165,0.067,0.204,0.137,0.314,0.257,-0.057,0.066,0.314,0.248,0.077,0.131,0.054,0.081,0.118,0.037,0.05,0.206,0.156,0.076,Genuine
Atharwa,0.085,0.197,0.112,0.086,0.211,0.125,0.072,0.162,0.09,0.067,0.328,0.261,0.062,0.241,0.179,0.22,0.153,-0.067,0.108,0.292,0.184,0.088,0.14,0.052,0.09,0.122,0.032,0.054,0.21,0.156,0.081,Genuine
Atharwa,0.077,0.17,0.093,0.079,0.22,0.141,0.073,0.128,0.055,0.057,0.283,0.226,0.067,0.272,0.205,0.214,0.143,-0.071,0.096,0.302,0.206,0.078,0.127,0.049,0.086,0.146,0.06,0.057,0.239,0.182,0.076,Genuine
Atharwa,0.081,0.176,0.095,0.082,0.208,0.126,0.076,0.142,0.066,0.067,0.303,0.236,0.065,0.14,0.075,0.224,0.182,-0.042,0.063,0.544,0.481,0.078,0.131,0.053,0.089,0.161,0.072,0.044,0.929,0.885,0.087,Genuine
Atharwa,0.091,0.223,0.132,0.08,0.221,0.141,0.077,0.166,0.089,0.042,0.304,0.262,0.066,0.197,0.131,0.203,0.167,-0.036,0.049,0.282,0.233,0.068,0.132,0.064,0.087,0.152,0.065,0.062,0.233,0.171,0.061,Genuine
Atharwa,0.096,0.207,0.111,0.087,0.227,0.14,0.066,0.133,0.067,0.071,0.298,0.227,0.071,0.142,0.071,0.213,0.152,-0.061,0.071,0.307,0.236,0.081,0.13,0.049,0.076,0.144,0.068,0.074,0.232,0.158,0.085,Genuine
Atharwa,0.072,0.299,0.227,0.061,0.25,0.189,0.079,0.142,0.063,0.078,0.304,0.226,0.072,0.173,0.101,0.177,0.11,-0.067,0.081,0.298,0.217,0.082,0.146,0.064,0.087,0.121,0.034,0.081,0.278,0.197,0.068,Genuine
Atharwa,0.082,0.264,0.182,0.061,0.252,0.191,0.041,0.105,0.064,0.078,0.298,0.22,0.058,1.026,0.968,0.43,0.369,-0.061,0.07,0.266,0.196,0.072,0.105,0.033,0.084,0.149,0.065,0.076,0.209,0.133,0.075,Genuine
Atharwa,0.107,0.212,0.105,0.065,0.228,0.163,0.073,0.184,0.111,0.041,0.278,0.237,0.068,0.564,0.496,0.354,0.294,-0.06,0.07,0.268,0.198,0.072,0.232,0.16,0.066,0.01,-0.056,0.066,1.242,1.176,0.113,Genuine
Atharwa,0.08,0.206,0.126,0.071,0.206,0.135,0.043,0.107,0.064,0.066,1.585,1.519,0.077,0.112,0.035,0.187,0.172,-0.015,0.061,0.277,0.216,0.086,0.161,0.075,0.087,0.121,0.034,0.087,0.278,0.191,0.082,Genuine
Atharwa,0.107,0.226,0.119,0.066,0.233,0.167,0.072,0.161,0.089,0.066,0.268,0.202,0.071,0.219,0.148,0.215,0.147,-0.068,0.102,0.278,0.176,0.082,0.136,0.054,0.102,0.131,0.029,0.082,0.236,0.154,0.078,Genuine
Atharwa,0.101,0.192,0.091,0.087,0.262,0.175,0.077,0.156,0.079,0.072,0.279,0.207,0.071,0.19,0.119,0.21,0.158,-0.052,0.067,0.298,0.231,0.055,0.115,0.06,0.088,0.142,0.054,0.077,0.236,0.159,0.061,Genuine
Atharwa,0.106,0.22,0.114,0.057,0.196,0.139,0.092,0.152,0.06,0.077,0.247,0.17,0.081,0.202,0.121,0.163,0.111,-0.052,0.067,0.278,0.211,0.102,0.175,0.073,0.073,0.102,0.029,0.082,0.236,0.154,0.081,Genuine
Atharwa,0.09,0.306,0.216,0.064,0.273,0.209,0.082,0.205,0.123,0.101,0.284,0.183,0.064,0.173,0.109,0.178,0.125,-0.053,0.067,0.294,0.227,0.082,0.132,0.05,0.092,0.144,0.052,0.078,0.235,0.157,0.076,Genuine
Atharwa,0.068,0.244,0.176,0.061,0.221,0.16,0.071,0.155,0.084,0.057,0.278,0.221,0.072,0.212,0.14,0.149,0.127,-0.022,0.072,0.277,0.205,0.088,0.142,0.054,0.081,0.136,0.055,0.046,0.216,0.17,0.092,Genuine
Atharwa,0.076,0.611,0.535,0.068,0.143,0.075,0.072,0.216,0.144,0.077,0.307,0.23,0.059,0.218,0.159,0.199,0.141,-0.058,0.068,0.278,0.21,0.082,0.141,0.059,0.091,0.13,0.039,0.083,0.253,0.17,0.081,Genuine
Atharwa,0.078,0.313,0.235,0.041,0.151,0.11,0.062,0.187,0.125,0.066,0.251,0.185,0.062,0.244,0.182,0.152,0.09,-0.062,0.072,0.268,0.196,0.101,0.152,0.051,0.104,0.125,0.021,0.083,0.248,0.165,0.062,Genuine
Atharwa,0.083,0.206,0.123,0.078,0.206,0.128,0.082,0.161,0.079,0.078,0.239,0.161,0.07,0.188,0.118,0.203,0.176,-0.027,0.067,0.277,0.21,0.088,0.137,0.049,0.087,0.131,0.044,0.077,0.248,0.171,0.076,Genuine
Atharwa,0.086,0.237,0.151,0.086,0.242,0.156,0.046,0.122,0.076,0.075,0.352,0.277,0.042,0.213,0.171,0.123,0.095,-0.028,0.058,0.288,0.23,0.093,0.116,0.023,0.082,0.147,0.065,0.082,0.229,0.147,0.075,Genuine
Atharwa,0.084,0.193,0.109,0.083,0.232,0.149,0.078,0.151,0.073,0.079,0.222,0.143,0.084,0.225,0.141,0.193,0.13,-0.063,0.073,0.281,0.208,0.09,0.16,0.07,0.095,0.102,0.007,0.08,0.225,0.145,0.087,Genuine
Atharwa,0.097,0.242,0.145,0.061,0.217,0.156,0.072,0.177,0.105,0.052,0.258,0.206,0.065,0.162,0.097,0.133,0.104,-0.029,0.061,0.281,0.22,0.083,0.137,0.054,0.088,0.154,0.066,0.071,0.289,0.218,0.072,Genuine
Atharwa,0.083,0.288,0.205,0.052,0.198,0.146,0.096,0.268,0.172,0.065,0.276,0.211,0.053,0.348,0.295,0.2,0.152,-0.048,0.058,0.656,0.598,0.081,0.232,0.151,0.084,0.191,0.107,0.073,0.253,0.18,0.061,Genuine
Atharwa,0.078,0.228,0.15,0.098,0.211,0.113,0.073,0.157,0.084,0.072,0.273,0.201,0.067,0.231,0.164,0.244,0.184,-0.06,0.071,0.286,0.215,0.088,0.131,0.043,0.099,0.141,0.042,0.083,0.231,0.148,0.08,Genuine
Atharwa,0.09,0.254,0.164,0.082,0.322,0.24,0.082,0.209,0.127,0.091,0.291,0.2,0.063,0.212,0.149,0.198,0.137,-0.061,0.072,0.278,0.206,0.097,0.186,0.089,0.084,0.157,0.073,0.071,0.272,0.201,0.067,Genuine
Atharwa,0.081,0.348,0.267,0.101,0.181,0.08,0.086,0.197,0.111,0.076,0.302,0.226,0.032,0.173,0.141,0.163,0.172,0.009,0.047,0.273,0.226,0.086,0.146,0.06,0.097,0.161,0.064,0.071,0.248,0.177,0.081,Genuine
Atharwa,0.082,0.171,0.089,0.092,0.272,0.18,0.067,0.167,0.1,0.065,0.373,0.308,0.071,0.201,0.13,0.198,0.133,-0.065,0.076,0.297,0.221,0.097,0.141,0.044,0.108,0.197,0.089,0.082,0.702,0.62,0.072,Genuine
Atharwa,0.089,0.168,0.079,0.083,0.247,0.164,0.047,0.361,0.314,0.017,1.732,1.715,0.071,0.146,0.075,0.25,0.181,-0.069,0.13,0.315,0.185,0.066,0.162,0.096,0.091,0.165,0.074,0.062,0.228,0.166,0.077,Genuine
Atharwa,0.086,0.21,0.124,0.098,0.227,0.129,0.078,0.138,0.06,0.087,0.305,0.218,0.069,0.178,0.109,0.164,0.141,-0.023,0.067,0.267,0.2,0.094,0.142,0.048,0.098,0.161,0.063,0.089,0.242,0.153,0.073,Genuine
Atharwa,0.088,0.187,0.099,0.093,0.237,0.144,0.068,0.148,0.08,0.072,0.266,0.194,0.068,0.193,0.125,0.143,0.106,-0.037,0.068,0.269,0.201,0.087,0.161,0.074,0.092,0.124,0.032,0.079,0.258,0.179,0.073,Genuine
Atharwa,0.098,0.181,0.083,0.081,0.242,0.161,0.08,0.111,0.031,0.069,0.298,0.229,0.072,0.182,0.11,0.157,0.105,-0.052,0.069,0.288,0.219,0.094,0.182,0.088,0.082,0.121,0.039,0.08,0.258,0.178,0.071,Genuine
Atharwa,0.071,0.478,0.407,0.078,0.142,0.064,0.082,0.223,0.141,0.072,0.252,0.18,0.058,0.287,0.229,0.286,0.224,-0.062,0.071,0.31,0.239,0.074,0.12,0.046,0.111,0.194,0.083,0.078,0.249,0.171,0.088,Genuine
Atharwa,0.102,0.228,0.126,0.091,0.231,0.14,0.072,0.126,0.054,0.082,0.288,0.206,0.072,0.202,0.13,0.157,0.111,-0.046,0.076,0.292,0.216,0.093,0.137,0.044,0.102,0.227,0.125,0.073,0.269,0.196,0.076,Genuine
Atharwa,0.103,0.196,0.093,0.098,0.262,0.164,0.088,0.152,0.064,0.109,0.355,0.246,0.06,0.255,0.195,0.139,0.085,-0.054,0.074,0.304,0.23,0.083,0.206,0.123,0.107,0.192,0.085,0.066,0.318,0.252,0.056,Genuine
Atharwa,0.085,0.286,0.201,0.092,0.191,0.099,0.083,0.177,0.094,0.082,0.255,0.173,0.06,0.214,0.154,0.175,0.102,-0.073,0.082,0.297,0.215,0.088,0.155,0.067,0.095,0.142,0.047,0.078,0.248,0.17,0.078,Genuine
Atharwa,0.083,0.363,0.28,0.066,0.284,0.218,0.071,0.236,0.165,0.067,0.339,0.272,0.061,0.206,0.145,0.153,0.132,-0.021,0.062,0.287,0.225,0.077,0.152,0.075,0.082,0.142,0.06,0.086,0.276,0.19,0.071,Genuine
Atharwa,0.106,0.252,0.146,0.092,0.237,0.145,0.086,0.157,0.071,0.086,0.404,0.318,0.062,0.267,0.205,0.214,0.167,-0.047,0.067,0.293,0.226,0.086,0.578,0.492,0.089,0.28,0.191,0.087,0.28,0.193,0.069,Genuine
Atharwa,0.087,0.284,0.197,0.082,0.228,0.146,0.082,0.505,0.423,0.014,1.882,1.868,0.061,0.217,0.156,0.172,0.114,-0.058,0.093,0.329,0.236,0.082,0.11,0.028,0.089,0.222,0.133,0.069,0.264,0.195,0.067,Genuine
Atharwa,0.082,0.202,0.12,0.083,0.217,0.134,0.072,0.116,0.044,0.074,0.283,0.209,0.067,0.131,0.064,0.149,0.155,0.006,0.048,0.261,0.213,0.085,0.129,0.044,0.092,0.171,0.079,0.071,0.262,0.191,0.068,Genuine
Atharwa,0.067,0.339,0.272,0.078,0.207,0.129,0.077,0.13,0.053,0.093,0.288,0.195,0.057,0.168,0.111,0.148,0.125,-0.023,0.059,0.259,0.2,0.087,0.116,0.029,0.103,0.187,0.084,0.077,0.258,0.181,0.065,Genuine
Atharwa,0.079,0.217,0.138,0.078,0.207,0.129,0.076,0.105,0.029,0.098,0.348,0.25,0.063,0.46,0.397,0.549,0.481,-0.068,0.091,0.318,0.227,0.067,0.112,0.045,0.087,0.219,0.132,0.063,0.289,0.226,0.072,Genuine
Atharwa,0.065,0.218,0.153,0.079,0.204,0.125,0.066,0.11,0.044,0.093,0.284,0.191,0.071,0.139,0.068,0.149,0.156,0.007,0.057,0.277,0.22,0.085,0.091,0.006,0.077,0.218,0.141,0.078,0.338,0.26,0.074,Genuine
Nikhil,0.152,0.2,0.048,0.119,0.225,0.106,0.126,0.167,0.041,0.159,0.256,0.097,0.104,0.431,0.327,0.288,0.249,-0.039,0.151,0.088,-0.063,0.159,0.184,0.025,0.175,0.288,0.113,0.241,0.241,0,0.142,Imposter
Nikhil,0.135,0.208,0.073,0.119,0.216,0.097,0.119,0.184,0.065,0.111,0.192,0.081,0.095,0.439,0.344,0.256,0.233,-0.023,0.135,0.104,-0.031,0.143,0.152,0.009,0.167,0.208,0.041,0.175,0.104,-0.071,0.167,Imposter
Nikhil,0.143,0.208,0.065,0.111,0.192,0.081,0.127,0.176,0.049,0.135,0.192,0.057,0.087,0.279,0.192,0.224,0.217,-0.007,0.135,0.152,0.017,0.119,0.112,-0.007,0.167,0.24,0.073,0.207,0.136,-0.071,0.135,Imposter
Nikhil,0.135,0.184,0.049,0.111,0.224,0.113,0.111,0.168,0.057,0.119,0.215,0.096,0.096,0.4,0.304,0.192,0.169,-0.023,0.135,0.128,-0.007,0.119,0.16,0.041,0.183,0.176,-0.007,0.207,0.12,-0.087,0.151,Imposter
Nikhil,0.159,0.217,0.058,0.118,0.217,0.099,0.117,0.182,0.065,0.103,0.199,0.096,0.112,0.432,0.32,0.2,0.161,-0.039,0.127,0.135,0.008,0.12,0.161,0.041,0.191,0.168,-0.023,0.255,0.136,-0.119,0.255,Imposter
Nikhil,0.134,0.192,0.058,0.111,0.2,0.089,0.103,0.2,0.097,0.087,0.216,0.129,0.087,0.279,0.192,0.256,0.217,-0.039,0.127,0.144,0.017,0.119,0.144,0.025,0.199,0.208,0.009,0.215,0.112,-0.103,0.151,Imposter
Nikhil,0.055,0.096,0.041,0.111,0.192,0.081,0.111,0.136,0.025,0.127,0.2,0.073,0.095,0.415,0.32,0.224,0.177,-0.047,0.135,0.16,0.025,0.111,0.12,0.009,0.175,0.216,0.041,0.207,0.112,-0.095,0.151,Imposter
Nikhil,0.125,0.19,0.065,0.111,0.192,0.081,0.103,0.152,0.049,0.151,0.264,0.113,0.103,0.551,0.448,0.256,0.193,-0.063,0.143,0.184,0.041,0.135,0.144,0.009,0.159,0.184,0.025,0.207,0.104,-0.103,0.159,Imposter
Nikhil,0.135,0.207,0.072,0.12,0.193,0.073,0.111,0.144,0.033,0.151,0.288,0.137,0.119,0.703,0.584,0.232,0.169,-0.063,0.135,0.08,-0.055,0.127,0.144,0.017,0.247,0.752,0.505,0.207,0.112,-0.095,0.151,Imposter
Nikhil,0.135,0.184,0.049,0.119,0.208,0.089,0.111,0.16,0.049,0.151,0.208,0.057,0.095,0.447,0.352,0.152,0.129,-0.023,0.111,0.128,0.017,0.111,0.176,0.065,0.167,0.176,0.009,0.183,0.104,-0.079,0.159,Imposter
Nikhil,0.135,0.168,0.033,0.111,0.216,0.105,0.095,0.136,0.041,0.135,0.216,0.081,0.095,0.327,0.232,0.184,0.153,-0.031,0.111,0.144,0.033,0.119,0.16,0.041,0.167,0.184,0.017,0.271,0.144,-0.127,0.167,Imposter
Nikhil,0.111,0.176,0.065,0.095,0.208,0.113,0.111,0.152,0.041,0.166,0.208,0.042,0.079,0.295,0.216,0.191,0.161,-0.03,0.111,0.168,0.057,0.111,0.143,0.032,0.168,0.241,0.073,0.23,0.128,-0.102,0.151,Imposter
Nikhil,0.119,0.24,0.121,0.087,0.239,0.152,0.112,0.225,0.113,0.102,0.256,0.154,0.095,0.343,0.248,0.207,0.192,-0.015,0.103,0.08,-0.023,0.127,0.193,0.066,0.166,0.184,0.018,0.191,0.08,-0.111,0.158,Imposter
Nikhil,0.119,0.256,0.137,0.119,0.232,0.113,0.087,0.16,0.073,0.143,0.248,0.105,0.087,0.28,0.193,0.223,0.184,-0.039,0.119,0.144,0.025,0.104,0.129,0.025,0.166,0.335,0.169,0.223,0.12,-0.103,0.159,Imposter
Nikhil,0.119,0.272,0.153,0.121,0.232,0.111,0.111,0.248,0.137,0.151,0.336,0.185,0.103,0.567,0.464,0.28,0.201,-0.079,0.143,0.2,0.057,0.119,0.136,0.017,0.183,0.384,0.201,0.151,0.552,0.401,0.119,Imposter
Nikhil,0.135,0.184,0.049,0.135,0.202,0.067,0.101,0.158,0.057,0.191,0.2,0.009,0.095,0.287,0.192,0.201,0.185,-0.016,0.127,0.136,0.009,0.119,0.152,0.033,0.159,0.232,0.073,0.263,0.104,-0.159,0.175,Imposter
Nikhil,0.111,0.192,0.081,0.095,0.2,0.105,0.111,0.169,0.058,0.126,0.207,0.081,0.087,0.271,0.184,0.16,0.153,-0.007,0.111,0.152,0.041,0.111,0.168,0.057,0.151,0.2,0.049,0.199,0.112,-0.087,0.143,Imposter
Nikhil,0.119,0.216,0.097,0.095,0.2,0.105,0.119,0.152,0.033,0.143,0.248,0.105,0.111,0.367,0.256,0.167,0.153,-0.014,0.119,0.152,0.033,0.119,0.16,0.041,0.119,0.184,0.065,0.231,0.136,-0.095,0.175,Imposter
Nikhil,0.127,0.175,0.048,0.095,0.193,0.098,0.111,0.16,0.049,0.143,0.192,0.049,0.095,0.311,0.216,0.16,0.145,-0.015,0.111,0.128,0.017,0.119,0.184,0.065,0.119,0.2,0.081,0.215,0.128,-0.087,0.143,Imposter
Nikhil,0.111,0.191,0.08,0.096,0.201,0.105,0.094,0.159,0.065,0.143,0.232,0.089,0.095,0.311,0.216,0.152,0.138,-0.014,0.102,0.151,0.049,0.119,0.16,0.041,0.135,0.208,0.073,0.199,0.136,-0.063,0.136,Imposter
Nikhil,0.083,0.228,0.145,0.119,0.32,0.201,0.127,0.304,0.177,0.119,0.336,0.217,0.127,0.68,0.553,0.255,0.216,-0.039,0.159,0.203,0.044,0.164,0.349,0.185,0.151,0.224,0.073,0.239,0.248,0.009,0.207,Imposter
Nikhil,0.128,0.336,0.208,0.087,0.24,0.153,0.167,0.232,0.065,0.151,0.248,0.097,0.111,0.615,0.504,0.24,0.225,-0.015,0.159,0.24,0.081,0.151,0.232,0.081,0.151,0.304,0.153,0.231,0.16,-0.071,0.151,Imposter
Nikhil,0.135,0.216,0.081,0.103,0.208,0.105,0.143,0.224,0.081,0.135,0.256,0.121,0.079,0.375,0.296,0.168,0.161,-0.007,0.111,0.2,0.089,0.143,0.192,0.049,0.119,0.288,0.169,0.199,0.12,-0.079,0.143,Imposter
Nikhil,0.151,0.208,0.057,0.111,0.224,0.113,0.119,0.2,0.081,0.135,0.648,0.513,0.079,0.479,0.4,0.272,0.249,-0.023,0.095,0.28,0.185,0.167,0.2,0.033,0.175,0.24,0.065,0.175,0.104,-0.071,0.143,Imposter
Nikhil,0.134,0.216,0.082,0.111,0.272,0.161,0.103,0.272,0.169,0.127,0.336,0.209,0.071,0.351,0.28,0.191,0.169,-0.022,0.127,0.296,0.169,0.143,0.184,0.041,0.159,0.312,0.153,0.207,0.168,-0.039,0.223,Imposter
Nikhil,0.158,0.215,0.057,0.127,0.233,0.106,0.119,0.208,0.089,0.167,0.256,0.089,0.079,0.335,0.256,0.199,0.176,-0.023,0.136,0.281,0.145,0.11,0.247,0.137,0.152,0.4,0.248,0.223,0.209,-0.014,0.166,Imposter
Nikhil,0.119,0.192,0.073,0.138,0.216,0.078,0.119,0.272,0.153,0.087,0.44,0.353,0.135,0.719,0.584,0.296,0.225,-0.071,0.143,0.384,0.241,0.047,0.12,0.073,0.167,0.288,0.121,0.319,0.512,0.193,0.143,Imposter
Nikhil,0.143,0.24,0.097,0.119,0.192,0.073,0.119,0.192,0.073,0.127,0.232,0.105,0.103,0.383,0.28,0.184,0.169,-0.015,0.135,0.184,0.049,0.143,0.208,0.065,0.143,0.224,0.081,0.199,0.096,-0.103,0.151,Imposter
Nikhil,0.119,0.208,0.089,0.104,0.216,0.112,0.111,0.152,0.041,0.135,0.256,0.121,0.079,0.367,0.288,0.216,0.185,-0.031,0.135,0.152,0.017,0.119,0.16,0.041,0.183,0.216,0.033,0.263,0.144,-0.119,0.151,Imposter
Nikhil,0.12,0.225,0.105,0.103,0.256,0.153,0.095,0.16,0.065,0.127,0.264,0.137,0.095,0.567,0.472,0.224,0.193,-0.031,0.135,0.184,0.049,0.111,0.208,0.097,0.119,0.2,0.081,0.207,0.096,-0.111,0.175,Imposter
Nikhil,0.132,0.199,0.067,0.102,0.271,0.169,0.095,0.28,0.185,0.119,0.32,0.201,0.095,0.471,0.376,0.224,0.177,-0.047,0.14,0.208,0.068,0.119,0.184,0.065,0.143,0.199,0.056,0.216,0.121,-0.095,0.159,Imposter
Nikhil,0.134,0.223,0.089,0.104,0.217,0.113,0.103,0.192,0.089,0.119,0.2,0.081,0.087,0.343,0.256,0.176,0.153,-0.023,0.118,0.192,0.074,0.111,0.184,0.073,0.142,0.231,0.089,0.216,0.081,-0.135,0.183,Imposter
Nikhil,0.128,0.232,0.104,0.119,0.208,0.089,0.127,0.192,0.065,0.127,0.248,0.121,0.079,0.335,0.256,0.167,0.144,-0.023,0.111,0.201,0.09,0.11,0.175,0.065,0.136,0.265,0.129,0.222,0.087,-0.135,0.191,Imposter
Nikhil,0.142,0.192,0.05,0.11,0.215,0.105,0.12,0.169,0.049,0.151,0.248,0.097,0.078,0.358,0.28,0.161,0.154,-0.007,0.118,0.183,0.065,0.103,0.16,0.057,0.151,0.298,0.147,0.221,0.087,-0.134,0.166,Imposter
Nikhil,0.142,0.207,0.065,0.128,0.24,0.112,0.103,0.192,0.089,0.135,0.241,0.106,0.078,0.51,0.432,0.24,0.217,-0.023,0.119,0.224,0.105,0.111,0.152,0.041,0.127,0.216,0.089,0.231,0.128,-0.103,0.135,Imposter
Nikhil,0.134,0.215,0.081,0.095,0.192,0.097,0.119,0.16,0.041,0.167,0.256,0.089,0.095,0.359,0.264,0.16,0.145,-0.015,0.119,0.176,0.057,0.119,0.144,0.025,0.175,0.24,0.065,0.247,0.136,-0.111,0.159,Imposter
Nikhil,0.111,0.24,0.129,0.127,0.256,0.129,0.167,0.256,0.089,1.201,1.362,0.161,0.095,0.455,0.36,0.248,0.209,-0.039,0.127,0.176,0.049,0.143,0.232,0.089,0.175,0.256,0.081,0.231,0.136,-0.095,0.159,Imposter
Nikhil,0.143,0.312,0.169,0.071,0.2,0.129,0.175,0.216,0.041,0.135,0.192,0.057,0.086,0.407,0.321,0.184,0.177,-0.007,0.127,0.168,0.041,0.143,0.176,0.033,0.167,0.312,0.145,0.239,0.168,-0.071,0.191,Imposter
Nikhil,0.167,0.264,0.097,0.087,0.232,0.145,0.167,0.24,0.073,0.111,0.232,0.121,0.087,0.423,0.336,0.176,0.169,-0.007,0.159,0.184,0.025,0.159,0.2,0.041,0.183,0.192,0.009,0.279,0.184,-0.095,0.167,Imposter
Nikhil,0.134,0.223,0.089,0.128,0.249,0.121,0.127,0.2,0.073,0.127,0.208,0.081,0.111,0.319,0.208,0.168,0.145,-0.023,0.135,0.208,0.073,0.143,0.128,-0.015,0.183,0.216,0.033,0.271,0.144,-0.127,0.175,Imposter
Nikhil,0.143,0.232,0.089,0.128,0.239,0.111,0.111,0.161,0.05,0.167,0.232,0.065,0.086,0.319,0.233,0.183,0.161,-0.022,0.119,0.176,0.057,0.127,0.136,0.009,0.167,0.208,0.041,0.231,0.135,-0.096,0.168,Imposter
Nikhil,0.135,0.183,0.048,0.119,0.225,0.106,0.127,0.207,0.08,0.136,0.201,0.065,0.079,0.319,0.24,0.176,0.16,-0.016,0.128,0.201,0.073,0.11,0.159,0.049,0.151,0.217,0.066,0.223,0.103,-0.12,0.176,Imposter
Nikhil,0.127,0.216,0.089,0.103,0.231,0.128,0.12,0.192,0.072,0.144,0.241,0.097,0.086,0.311,0.225,0.192,0.177,-0.015,0.111,0.223,0.112,0.112,0.168,0.056,0.135,0.216,0.081,0.239,0.144,-0.095,0.144,Imposter
Nikhil,0.143,0.209,0.066,0.103,0.223,0.12,0.111,1.224,1.113,0.143,0.488,0.345,0.119,0.472,0.353,0.159,0.136,-0.023,0.119,0.224,0.105,0.136,0.144,0.008,0.128,0.168,0.04,0.247,0.168,-0.079,0.119,Imposter
Nikhil,0.135,0.216,0.081,0.119,0.408,0.289,0.119,0.208,0.089,0.263,0.256,-0.007,0.071,0.431,0.36,0.264,0.233,-0.031,0.135,0.224,0.089,0.143,0.208,0.065,0.119,0.136,0.017,0.247,0.136,-0.111,0.167,Imposter
Nikhil,0.159,0.24,0.081,0.119,0.224,0.105,0.119,0.216,0.097,0.103,0.216,0.113,0.103,0.367,0.264,0.16,0.153,-0.007,0.119,0.208,0.089,0.119,0.192,0.073,0.119,0.232,0.113,0.183,0.08,-0.103,0.159,Imposter
Nikhil,0.151,0.24,0.089,0.119,0.288,0.169,0.127,0.288,0.161,0.143,0.288,0.145,0.079,0.607,0.528,0.192,0.177,-0.015,0.119,0.208,0.089,0.127,0.192,0.065,0.119,0.208,0.089,0.191,0.12,-0.071,0.271,Imposter
Nikhil,0.126,0.303,0.177,0.095,0.184,0.089,0.151,0.288,0.137,0.119,0.264,0.145,0.111,0.407,0.296,0.184,0.145,-0.039,0.175,0.224,0.049,0.161,0.16,-0.001,0.135,0.336,0.201,0.207,0.12,-0.087,0.183,Imposter
Nikhil,0.135,0.272,0.137,0.103,0.192,0.089,0.135,0.216,0.081,0.127,0.304,0.177,0.087,0.383,0.296,0.176,0.161,-0.015,0.143,0.176,0.033,0.143,0.192,0.049,0.167,0.248,0.081,0.223,0.112,-0.111,0.183,Imposter
Nikhil,0.143,0.24,0.097,0.103,0.208,0.105,0.143,0.264,0.121,0.127,0.216,0.089,0.127,0.399,0.272,0.168,0.161,-0.007,0.119,0.224,0.105,0.135,0.184,0.049,0.127,0.288,0.161,0.231,0.112,-0.119,0.167,Imposter
Nikhil,0.143,0.223,0.08,0.136,0.241,0.105,0.135,0.224,0.089,0.135,0.24,0.105,0.103,0.351,0.248,0.144,0.137,-0.007,0.119,0.256,0.137,0.127,0.048,-0.079,0.207,0.288,0.081,0.207,0.136,-0.071,0.183,Imposter
Nikhil,0.144,0.225,0.081,0.127,0.208,0.081,0.135,0.176,0.041,0.159,0.256,0.097,0.095,0.447,0.352,0.192,0.161,-0.031,0.135,0.208,0.073,0.127,0.176,0.049,0.167,0.288,0.121,0.191,0.088,-0.103,0.167,Imposter
Nikhil,0.143,0.68,0.537,0.071,0.184,0.113,0.135,0.512,0.377,0.087,0.328,0.241,0.119,0.559,0.44,0.344,0.305,-0.039,0.111,0.168,0.057,0.135,0.256,0.121,0.119,0.232,0.113,0.191,0.392,0.201,0.167,Imposter
Nikhil,0.095,0.184,0.089,0.111,0.2,0.089,0.119,0.24,0.121,0.103,0.208,0.105,0.095,0.495,0.4,0.192,0.169,-0.023,0.151,0.128,-0.023,0.159,0.256,0.097,0.127,0.16,0.033,0.199,0.392,0.193,0.151,Imposter
Nikhil,0.111,0.24,0.129,0.111,0.224,0.113,0.119,0.183,0.064,0.151,0.265,0.114,0.118,0.51,0.392,0.241,0.21,-0.031,0.135,0.16,0.025,0.135,0.144,0.009,0.223,0.24,0.017,0.183,0.32,0.137,0.119,Imposter
Nikhil,0.111,0.257,0.146,0.118,0.207,0.089,0.119,0.216,0.097,0.127,0.224,0.097,0.095,0.903,0.808,0.28,0.225,-0.055,0.127,0.184,0.057,0.127,0.208,0.081,0.111,0.144,0.033,0.183,0.12,-0.063,0.183,Imposter
Nikhil,0.11,0.215,0.105,0.088,0.209,0.121,0.134,0.199,0.065,0.12,0.224,0.104,0.112,0.384,0.272,0.151,0.137,-0.014,0.151,0.216,0.065,0.134,0.199,0.065,0.095,0.224,0.129,0.151,0.072,-0.079,0.159,Imposter
Nikhil,0.135,0.24,0.105,0.087,0.2,0.113,0.127,0.184,0.057,0.143,0.184,0.041,0.111,0.335,0.224,0.168,0.145,-0.023,0.119,0.176,0.057,0.127,0.16,0.033,0.159,0.256,0.097,0.183,0.096,-0.087,0.151,Imposter
Nikhil,0.143,0.24,0.097,0.095,0.184,0.089,0.127,0.176,0.049,0.127,0.224,0.097,0.103,0.423,0.32,0.176,0.137,-0.039,0.159,0.176,0.017,0.143,0.128,-0.015,0.127,0.208,0.081,0.239,0.136,-0.103,0.135,Imposter
Nikhil,0.151,0.2,0.049,0.103,0.208,0.105,0.103,0.184,0.081,0.127,0.288,0.161,0.111,0.839,0.728,0.36,0.225,-0.135,0.175,0.744,0.569,0.118,0.544,0.426,0.167,0.192,0.025,0.183,0.08,-0.103,0.175,Imposter
Nikhil,0.142,0.232,0.09,0.087,0.192,0.105,0.119,0.224,0.105,0.135,0.336,0.201,0.095,0.287,0.192,0.248,0.208,-0.04,0.119,0.169,0.05,0.126,0.168,0.042,0.167,0.208,0.041,0.231,0.12,-0.111,0.159,Imposter
Nikhil,0.135,0.225,0.09,0.102,0.216,0.114,0.135,0.184,0.049,0.143,0.231,0.088,0.088,0.424,0.336,0.247,0.232,-0.015,0.096,0.081,-0.015,0.142,0.24,0.098,0.167,0.208,0.041,0.135,0.063,-0.072,0.152,Imposter
Nikhil,0.175,0.184,0.009,0.127,0.216,0.089,0.127,0.177,0.05,0.118,0.256,0.138,0.095,0.391,0.296,0.207,0.168,-0.039,0.119,0.128,0.009,0.127,0.192,0.065,0.159,0.232,0.073,0.223,0.104,-0.119,0.167,Imposter
Nikhil,0.135,0.232,0.097,0.095,0.208,0.113,0.103,0.176,0.073,0.135,0.216,0.081,0.095,0.287,0.192,0.168,0.153,-0.015,0.111,0.16,0.049,0.119,0.152,0.033,0.151,0.248,0.097,0.239,0.136,-0.103,0.151,Imposter
Nikhil,0.143,0.177,0.034,0.11,0.184,0.074,0.118,0.151,0.033,0.159,0.208,0.049,0.095,0.887,0.792,0.256,0.209,-0.047,0.119,0.168,0.049,0.111,0.16,0.049,0.159,0.232,0.073,0.159,0.08,-0.079,0.143,Imposter
Nikhil,0.127,0.176,0.049,0.103,0.2,0.097,0.095,0.152,0.057,0.135,0.2,0.065,0.087,0.311,0.224,0.152,0.121,-0.031,0.127,0.168,0.041,0.111,0.144,0.033,0.167,0.216,0.049,0.167,0.072,-0.095,0.151,Imposter
Nikhil,0.111,0.224,0.113,0.111,0.168,0.057,0.095,0.168,0.073,0.119,0.192,0.073,0.087,0.311,0.224,0.152,0.129,-0.023,0.103,0.136,0.033,0.103,0.136,0.033,0.119,0.192,0.073,0.159,0.112,-0.047,0.127,Imposter
Nikhil,0.135,0.232,0.097,0.111,0.688,0.577,0.087,0.28,0.193,0.111,0.24,0.129,0.087,0.287,0.2,0.176,0.153,-0.023,0.111,0.136,0.025,0.103,0.136,0.033,0.127,0.192,0.065,0.175,0.152,-0.023,0.103,Imposter
Nikhil,0.063,0.216,0.153,0.103,0.192,0.089,0.111,0.24,0.129,0.111,0.216,0.105,0.087,0.439,0.352,0.184,0.153,-0.031,0.103,0.152,0.049,0.103,0.192,0.089,0.15,0.24,0.09,0.175,0.088,-0.087,0.151,Imposter
Nikhil,0.127,0.177,0.05,0.11,0.223,0.113,0.119,0.192,0.073,0.111,0.232,0.121,0.095,0.335,0.24,0.199,0.177,-0.022,0.127,0.168,0.041,0.095,0.16,0.065,0.127,0.232,0.105,0.199,0.144,-0.055,0.118,Imposter
Nikhil,0.151,0.455,0.304,0.104,0.209,0.105,0.119,0.24,0.121,0.111,0.256,0.145,0.095,0.335,0.24,0.152,0.129,-0.023,0.111,0.176,0.065,0.119,0.144,0.025,0.151,0.312,0.161,0.279,0.16,-0.119,0.167,Imposter
Nikhil,0.118,0.206,0.088,0.12,0.217,0.097,0.071,0.208,0.137,0.119,0.208,0.089,0.079,0.255,0.176,0.175,0.168,-0.007,0.103,0.185,0.082,0.111,0.159,0.048,0.16,0.241,0.081,0.214,0.112,-0.102,0.175,Imposter
Nikhil,0.11,0.168,0.058,0.102,0.223,0.121,0.095,0.201,0.106,0.126,0.224,0.098,0.07,0.27,0.2,0.184,0.177,-0.007,0.095,0.184,0.089,0.087,0.152,0.065,0.159,0.24,0.081,0.247,0.168,-0.079,0.143,Imposter
Nikhil,0.127,0.176,0.049,0.111,0.216,0.105,0.103,0.184,0.081,0.135,0.224,0.089,0.079,0.28,0.201,0.167,0.16,-0.007,0.111,0.168,0.057,0.111,0.152,0.041,0.159,0.248,0.089,0.295,0.2,-0.095,0.151,Imposter
Nikhil,0.127,0.192,0.065,0.103,0.224,0.121,0.079,0.24,0.161,0.135,1.512,1.377,0.095,0.567,0.472,0.24,0.209,-0.031,0.103,0.344,0.241,0.095,0.152,0.057,0.167,0.44,0.273,0.223,0.152,-0.071,0.127,Imposter
Nikhil,0.119,0.208,0.089,0.119,0.216,0.097,0.079,0.184,0.105,0.159,0.224,0.065,0.087,0.271,0.184,0.176,0.161,-0.015,0.103,0.184,0.081,0.119,0.16,0.041,0.167,0.24,0.073,0.263,0.192,-0.071,0.111,Imposter
Nikhil,0.103,0.184,0.081,0.111,0.216,0.105,0.095,0.208,0.113,0.143,0.392,0.249,0.103,0.415,0.312,0.232,0.193,-0.039,0.127,0.176,0.049,0.159,0.176,0.017,0.183,0.4,0.217,0.295,0.2,-0.095,0.159,Imposter
Nikhil,0.15,0.167,0.017,0.121,0.225,0.104,0.119,0.192,0.073,0.143,0.232,0.089,0.095,0.271,0.176,0.199,0.169,-0.03,0.119,0.216,0.097,0.119,0.168,0.049,0.151,0.295,0.144,0.2,0.105,-0.095,0.159,Imposter
Nikhil,0.143,0.184,0.041,0.112,0.224,0.112,0.096,0.169,0.073,0.127,0.2,0.073,0.095,0.287,0.192,0.167,0.153,-0.014,0.103,0.16,0.057,0.127,0.152,0.025,0.143,0.215,0.072,0.215,0.113,-0.102,0.158,Imposter
Nikhil,0.079,0.176,0.097,0.103,0.208,0.105,0.087,0.169,0.082,0.118,0.208,0.09,0.086,0.262,0.176,0.176,0.169,-0.007,0.096,0.193,0.097,0.087,0.143,0.056,0.143,0.248,0.105,0.255,0.2,-0.055,0.119,Imposter
Nikhil,0.127,0.192,0.065,0.095,0.184,0.089,0.095,0.16,0.065,0.119,0.216,0.097,0.087,0.247,0.16,0.177,0.161,-0.016,0.095,0.144,0.049,0.119,0.16,0.041,0.135,0.192,0.057,0.223,0.176,-0.047,0.119,Imposter
Nikhil,0.127,0.192,0.065,0.119,0.216,0.097,0.087,0.192,0.105,0.135,0.224,0.089,0.095,0.247,0.152,0.184,0.169,-0.015,0.095,0.16,0.065,0.103,0.152,0.049,0.159,0.224,0.065,0.223,0.176,-0.047,0.127,Imposter
Deepti,0.119,0.664,0.545,0.08,0.407,0.327,0.1,0.479,0.379,0.084,0.892,0.808,0.083,0.668,0.585,0.603,0.5,-0.103,0.172,0.684,0.512,0.1,0.53,0.43,0.084,0.624,0.54,0.088,0.413,0.325,0.084,Imposter
Deepti,0.076,0.45,0.374,0.072,0.377,0.305,0.071,0.363,0.292,0.068,0.262,0.194,0.064,0.391,0.327,0.396,0.332,-0.064,0.115,0.526,0.411,0.092,0.439,0.347,0.079,0.456,0.377,0.084,0.308,0.224,0.076,Imposter
Deepti,0.073,0.507,0.434,0.072,0.422,0.35,0.091,0.434,0.343,0.059,0.399,0.34,0.076,0.446,0.37,0.408,0.349,-0.059,0.119,0.545,0.426,0.104,0.439,0.335,0.096,0.555,0.459,0.08,0.426,0.346,0.083,Imposter
Deepti,0.088,0.384,0.296,0.083,0.306,0.223,0.071,0.209,0.138,0.083,0.496,0.413,0.071,0.632,0.561,0.26,0.157,-0.103,0.107,0.618,0.511,0.075,0.187,0.112,0.124,0.317,0.193,0.075,0.388,0.313,0.075,Imposter
Deepti,0.076,0.363,0.287,0.072,0.214,0.142,0.067,0.221,0.154,0.071,0.385,0.314,0.064,0.414,0.35,0.228,0.157,-0.071,0.079,0.426,0.347,0.076,0.142,0.066,0.123,0.316,0.193,0.072,0.343,0.271,0.075,Imposter
Deepti,0.049,0.392,0.343,0.071,0.672,0.601,0.071,0.224,0.153,0.063,1.152,1.089,0.079,0.663,0.584,0.296,0.217,-0.079,0.119,0.4,0.281,0.071,0.2,0.129,0.079,0.288,0.209,0.063,0.312,0.249,0.071,Imposter
Deepti,0.076,0.365,0.289,0.076,0.209,0.133,0.072,0.203,0.131,0.076,0.409,0.333,0.065,0.471,0.406,0.263,0.18,-0.083,0.087,0.411,0.324,0.08,0.147,0.067,0.136,0.793,0.657,0.083,0.335,0.252,0.083,Imposter
Deepti,0.092,0.575,0.483,0.08,0.391,0.311,0.08,0.389,0.309,0.08,0.428,0.348,0.072,0.465,0.393,0.4,0.316,-0.084,0.138,0.562,0.424,0.1,0.489,0.389,0.088,0.538,0.45,0.088,0.394,0.306,0.08,Imposter
Deepti,0.08,0.358,0.278,0.076,0.239,0.163,0.072,0.22,0.148,0.068,0.402,0.334,0.068,0.527,0.459,0.22,0.133,-0.087,0.104,0.47,0.366,0.072,0.238,0.166,0.1,0.284,0.184,0.072,0.335,0.263,0.08,Imposter
Deepti,0.087,0.548,0.461,0.072,0.499,0.427,0.075,0.373,0.298,0.075,0.501,0.426,0.071,0.445,0.374,0.428,0.365,-0.063,0.135,0.584,0.449,0.071,0.416,0.345,0.083,0.496,0.413,0.088,0.356,0.268,0.084,Imposter
Deepti,0.103,0.512,0.409,0.087,0.384,0.297,0.103,0.44,0.337,0.087,0.576,0.489,0.087,0.495,0.408,0.464,0.329,-0.135,0.175,0.616,0.441,0.095,0.52,0.425,0.095,0.519,0.424,0.088,0.36,0.272,0.088,Imposter
Deepti,0.083,0.443,0.36,0.071,0.405,0.334,0.079,0.387,0.308,0.071,0.394,0.323,0.067,0.407,0.34,0.356,0.317,-0.039,0.123,0.522,0.399,0.104,0.452,0.348,0.072,0.459,0.387,0.076,0.294,0.218,0.08,Imposter
Deepti,0.055,0.824,0.769,0.071,0.288,0.217,0.079,0.376,0.297,0.063,1.064,1.001,0.071,0.527,0.456,0.312,0.225,-0.087,0.127,0.424,0.297,0.071,0.184,0.113,0.079,0.288,0.209,0.063,0.32,0.257,0.071,Imposter
Deepti,0.086,0.307,0.221,0.076,0.258,0.182,0.067,0.195,0.128,0.079,0.405,0.326,0.068,0.499,0.431,0.252,0.161,-0.091,0.107,0.46,0.353,0.079,0.172,0.093,0.139,0.488,0.349,0.076,0.386,0.31,0.071,Imposter
Deepti,0.084,0.352,0.268,0.072,0.221,0.149,0.072,0.194,0.122,0.075,0.372,0.297,0.068,0.416,0.348,0.216,0.133,-0.083,0.096,0.429,0.333,0.079,0.154,0.075,0.115,0.289,0.174,0.076,0.308,0.232,0.08,Imposter
Deepti,0.07,0.816,0.746,0.079,0.344,0.265,0.071,0.256,0.185,0.103,0.528,0.425,0.063,0.503,0.44,0.312,0.225,-0.087,0.087,0.464,0.377,0.087,0.168,0.081,0.095,0.272,0.177,0.07,0.304,0.234,0.079,Imposter
Deepti,0.075,0.324,0.249,0.076,0.327,0.251,0.072,0.359,0.287,0.072,0.424,0.352,0.064,0.43,0.366,0.228,0.133,-0.095,0.112,0.461,0.349,0.076,0.379,0.303,0.119,0.467,0.348,0.072,0.326,0.254,0.087,Imposter
Deepti,0.091,0.486,0.395,0.068,0.411,0.343,0.079,0.387,0.308,0.088,0.343,0.255,0.072,0.416,0.344,0.372,0.306,-0.066,0.122,0.53,0.408,0.096,0.492,0.396,0.083,0.515,0.432,0.075,0.373,0.298,0.071,Imposter
Deepti,0.075,0.328,0.253,0.088,0.229,0.141,0.072,0.171,0.099,0.08,0.395,0.315,0.064,0.408,0.344,0.219,0.136,-0.083,0.092,0.456,0.364,0.076,0.12,0.044,0.12,0.31,0.19,0.076,0.328,0.252,0.08,Imposter
Deepti,0.087,0.432,0.345,0.071,0.328,0.257,0.087,0.424,0.337,0.071,1.32,1.249,0.079,1.327,1.248,0.472,0.377,-0.095,0.183,0.656,0.473,0.079,0.24,0.161,0.087,0.872,0.785,0.079,0.304,0.225,0.071,Imposter
Deepti,0.069,0.325,0.256,0.079,0.335,0.256,0.072,0.237,0.165,0.079,0.672,0.593,0.063,0.492,0.429,0.292,0.201,-0.091,0.091,0.545,0.454,0.08,0.171,0.091,0.1,0.371,0.271,0.075,0.356,0.281,0.071,Imposter
Deepti,0.096,0.456,0.36,0.076,0.405,0.329,0.076,0.388,0.312,0.068,0.369,0.301,0.068,0.368,0.3,0.368,0.316,-0.052,0.116,0.482,0.366,0.096,0.444,0.348,0.084,0.498,0.414,0.08,0.395,0.315,0.075,Imposter
Deepti,0.079,0.485,0.406,0.075,0.397,0.322,0.088,0.44,0.352,0.072,0.465,0.393,0.071,0.393,0.322,0.392,0.345,-0.047,0.12,0.533,0.413,0.107,0.498,0.391,0.075,0.491,0.416,0.079,0.347,0.268,0.079,Imposter
Deepti,0.088,0.507,0.419,0.08,0.427,0.347,0.071,0.417,0.346,0.068,0.472,0.404,0.068,0.521,0.453,0.422,0.335,-0.087,0.139,0.599,0.46,0.103,0.481,0.378,0.087,0.59,0.503,0.084,0.392,0.308,0.079,Imposter
Deepti,0.088,0.51,0.422,0.072,0.409,0.337,0.076,0.428,0.352,0.068,0.528,0.46,0.068,0.423,0.355,0.428,0.361,-0.067,0.132,0.544,0.412,0.099,0.49,0.391,0.071,0.54,0.469,0.083,0.387,0.304,0.079,Imposter
Deepti,0.108,0.522,0.414,0.072,0.365,0.293,0.083,0.435,0.352,0.068,0.529,0.461,0.076,0.457,0.381,0.432,0.357,-0.075,0.136,0.555,0.419,0.108,0.474,0.366,0.084,0.505,0.421,0.079,0.414,0.335,0.084,Imposter
Deepti,0.066,0.478,0.412,0.072,0.44,0.368,0.088,0.4,0.312,0.08,0.375,0.295,0.075,0.407,0.332,0.417,0.345,-0.072,0.128,0.542,0.414,0.1,0.466,0.366,0.084,0.529,0.445,0.08,0.335,0.255,0.076,Imposter
Deepti,0.075,0.425,0.35,0.071,0.372,0.301,0.079,0.369,0.29,0.079,0.417,0.338,0.073,0.426,0.353,0.384,0.325,-0.059,0.127,0.494,0.367,0.104,0.458,0.354,0.091,0.463,0.372,0.083,0.339,0.256,0.08,Imposter
Deepti,0.086,0.523,0.437,0.072,0.423,0.351,0.084,0.467,0.383,0.056,1.064,1.008,0.075,1.077,1.002,0.444,0.36,-0.084,0.132,0.658,0.526,0.1,1.795,1.695,0.072,0.614,0.542,0.075,0.387,0.312,0.087,Imposter
Deepti,0.081,0.45,0.369,0.095,0.253,0.158,0.071,0.241,0.17,0.068,0.513,0.445,0.072,0.477,0.405,0.193,0.129,-0.064,0.083,0.462,0.379,0.08,0.168,0.088,0.116,0.29,0.174,0.08,0.359,0.279,0.071,Imposter
Deepti,0.071,0.456,0.385,0.079,0.336,0.257,0.071,0.384,0.313,0.071,0.448,0.377,0.063,0.631,0.568,0.296,0.209,-0.087,0.095,0.44,0.345,0.071,0.208,0.137,0.095,0.304,0.209,0.071,0.28,0.209,0.079,Imposter
Deepti,0.092,0.488,0.396,0.084,0.446,0.362,0.08,0.465,0.385,0.072,0.402,0.33,0.072,0.55,0.478,0.484,0.397,-0.087,0.151,0.562,0.411,0.099,0.498,0.399,0.087,0.561,0.474,0.096,0.398,0.302,0.083,Imposter
Deepti,0.069,0.438,0.369,0.095,0.299,0.204,0.068,0.214,0.146,0.083,0.601,0.518,0.072,0.586,0.514,0.232,0.133,-0.099,0.1,0.497,0.397,0.072,0.18,0.108,0.119,0.444,0.325,0.079,0.358,0.279,0.08,Imposter
Deepti,0.087,0.52,0.433,0.102,0.359,0.257,0.079,0.424,0.345,0.079,0.592,0.513,0.08,0.511,0.431,0.304,0.249,-0.055,0.087,0.464,0.377,0.079,0.192,0.113,0.095,0.272,0.177,0.079,0.312,0.233,0.071,Imposter
Deepti,0.087,0.569,0.482,0.079,0.296,0.217,0.07,0.399,0.329,0.083,0.752,0.669,0.08,0.535,0.455,0.313,0.21,-0.103,0.159,0.888,0.729,0.071,0.279,0.208,0.079,0.281,0.202,0.07,0.431,0.361,0.071,Imposter
Deepti,0.074,0.419,0.345,0.071,0.36,0.289,0.071,0.248,0.177,0.079,1.04,0.961,0.071,0.576,0.505,0.319,0.232,-0.087,0.103,0.456,0.353,0.079,0.2,0.121,0.095,0.328,0.233,0.071,0.304,0.233,0.071,Imposter
Deepti,0.068,0.536,0.468,0.064,0.401,0.337,0.076,0.445,0.369,0.072,0.565,0.493,0.072,0.501,0.429,0.4,0.324,-0.076,0.128,0.579,0.451,0.112,0.499,0.387,0.092,0.558,0.466,0.079,0.428,0.349,0.08,Imposter
Deepti,0.079,0.469,0.39,0.076,0.4,0.324,0.08,0.41,0.33,0.072,0.395,0.323,0.076,0.446,0.37,0.42,0.341,-0.079,0.139,0.626,0.487,0.092,0.482,0.39,0.091,0.504,0.413,0.092,0.441,0.349,0.076,Imposter
Deepti,0.079,0.511,0.432,0.067,0.464,0.397,0.076,0.384,0.308,0.071,0.33,0.259,0.071,0.418,0.347,0.516,0.441,-0.075,0.123,0.547,0.424,0.104,0.492,0.388,0.083,0.57,0.487,0.08,0.353,0.273,0.08,Imposter
Deepti,0.047,3.152,3.105,0.047,0.296,0.249,0.071,0.304,0.233,0.071,0.536,0.465,0.071,1.319,1.248,0.224,0.137,-0.087,0.095,0.464,0.369,0.071,0.168,0.097,0.079,0.248,0.169,0.071,0.272,0.201,0.079,Imposter
Deepti,0.079,0.92,0.841,0.104,0.296,0.192,0.071,0.248,0.177,0.08,1.704,1.624,0.071,0.543,0.472,0.344,0.257,-0.087,0.111,0.448,0.337,0.071,0.176,0.105,0.103,0.288,0.185,0.071,0.36,0.289,0.071,Imposter
Deepti,0.083,0.488,0.405,0.079,0.406,0.327,0.088,0.437,0.349,0.079,1.042,0.963,0.071,0.439,0.368,0.352,0.288,-0.064,0.136,0.551,0.415,0.1,0.446,0.346,0.096,0.552,0.456,0.084,0.312,0.228,0.084,Imposter
Deepti,0.063,0.575,0.512,0.096,0.425,0.329,0.103,0.48,0.377,0.095,1.679,1.584,0.096,0.576,0.48,0.504,0.368,-0.136,0.176,0.617,0.441,0.102,0.472,0.37,0.095,0.528,0.433,0.094,0.376,0.282,0.086,Imposter
Deepti,0.091,0.521,0.43,0.072,0.416,0.344,0.079,0.38,0.301,0.071,1.474,1.403,0.079,0.427,0.348,0.371,0.308,-0.063,0.132,0.529,0.397,0.089,0.434,0.345,0.083,0.535,0.452,0.08,0.317,0.237,0.076,Imposter
Deepti,0.127,0.512,0.385,0.079,0.336,0.257,0.079,0.304,0.225,0.087,0.616,0.529,0.079,0.631,0.552,0.416,0.297,-0.119,0.183,0.496,0.313,0.095,0.216,0.121,0.103,0.32,0.217,0.079,0.336,0.257,0.087,Imposter
Deepti,0.08,0.396,0.316,0.079,0.266,0.187,0.068,0.22,0.152,0.076,0.474,0.398,0.067,0.522,0.455,0.223,0.152,-0.071,0.088,0.444,0.356,0.075,0.146,0.071,0.095,0.27,0.175,0.076,0.301,0.225,0.071,Imposter
Deepti,0.08,0.495,0.415,0.083,0.501,0.418,0.092,0.469,0.377,0.075,0.314,0.239,0.072,0.403,0.331,0.376,0.313,-0.063,0.127,0.57,0.443,0.107,0.496,0.389,0.072,0.505,0.433,0.079,0.381,0.302,0.085,Imposter
Deepti,0.079,0.301,0.222,0.076,0.27,0.194,0.071,0.202,0.131,0.075,0.548,0.473,0.068,0.51,0.442,0.304,0.229,-0.075,0.087,0.456,0.369,0.084,0.207,0.123,0.096,0.272,0.176,0.076,0.375,0.299,0.071,Imposter
Deepti,0.095,0.392,0.297,0.071,0.264,0.193,0.071,0.273,0.202,0.078,0.479,0.401,0.071,0.543,0.472,0.312,0.217,-0.095,0.159,0.424,0.265,0.079,0.168,0.089,0.087,0.208,0.121,0.071,0.256,0.185,0.079,Imposter
Deepti,0.097,0.402,0.305,0.079,0.344,0.265,0.079,0.312,0.233,0.087,1.872,1.785,0.087,0.6,0.513,0.343,0.24,-0.103,0.103,0.848,0.745,0.079,0.32,0.241,0.095,0.36,0.265,0.087,0.432,0.345,0.095,Imposter
Deepti,0.078,0.432,0.354,0.071,0.288,0.217,0.079,0.368,0.289,0.071,0.952,0.881,0.071,0.879,0.808,0.36,0.257,-0.103,0.199,0.464,0.265,0.079,0.6,0.521,0.079,0.288,0.209,0.071,0.256,0.185,0.078,Imposter
Deepti,0.087,0.864,0.777,0.079,0.4,0.321,0.095,0.424,0.329,0.079,0.64,0.561,0.087,0.495,0.408,0.504,0.361,-0.143,0.175,1.44,1.265,0.079,0.424,0.345,0.087,0.496,0.409,0.079,0.312,0.233,0.087,Imposter
Deepti,0.079,0.432,0.353,0.071,0.336,0.265,0.071,0.48,0.409,0.071,1.968,1.897,0.079,0.639,0.56,0.304,0.217,-0.087,0.135,0.44,0.305,0.079,0.192,0.113,0.111,0.279,0.168,0.072,0.289,0.217,0.071,Imposter
Deepti,0.087,0.44,0.353,0.067,0.389,0.322,0.075,0.402,0.327,0.072,0.685,0.613,0.075,0.431,0.356,0.336,0.289,-0.047,0.115,0.482,0.367,0.096,0.433,0.337,0.08,0.496,0.416,0.075,0.311,0.236,0.08,Imposter
Deepti,0.104,0.606,0.502,0.084,0.428,0.344,0.08,0.393,0.313,0.076,0.459,0.383,0.078,0.457,0.379,0.546,0.456,-0.09,0.151,0.576,0.425,0.096,0.462,0.366,0.096,0.537,0.441,0.079,0.346,0.267,0.08,Imposter
Deepti,0.071,1.264,1.193,0.079,0.344,0.265,0.079,0.408,0.329,0.079,1.56,1.481,0.079,0.807,0.728,0.336,0.241,-0.095,0.119,0.464,0.345,0.079,0.216,0.137,0.103,0.336,0.233,0.071,0.288,0.217,0.079,Imposter
Deepti,0.081,0.813,0.732,0.08,0.321,0.241,0.076,0.193,0.117,0.088,1.645,1.557,0.099,0.828,0.729,0.304,0.216,-0.088,0.112,0.539,0.427,0.079,0.201,0.122,0.124,0.339,0.215,0.075,0.405,0.33,0.075,Imposter
Deepti,0.084,0.515,0.431,0.088,0.437,0.349,0.096,0.397,0.301,0.088,0.863,0.775,0.088,0.501,0.413,0.5,0.433,-0.067,0.124,0.693,0.569,0.107,0.542,0.435,0.075,0.592,0.517,0.067,0.359,0.292,0.079,Imposter
Deepti,0.104,0.588,0.484,0.089,0.428,0.339,0.087,0.472,0.385,0.08,1.071,0.991,0.092,0.508,0.416,0.712,0.609,-0.103,0.164,0.645,0.481,0.1,0.479,0.379,0.092,0.568,0.476,0.08,0.364,0.284,0.072,Imposter
Deepti,0.073,0.304,0.231,0.067,0.244,0.177,0.068,0.204,0.136,0.079,0.356,0.277,0.068,0.422,0.354,0.256,0.177,-0.079,0.083,0.436,0.353,0.075,0.108,0.033,0.132,0.241,0.109,0.059,0.267,0.208,0.083,Imposter
Deepti,0.063,0.464,0.401,0.063,0.352,0.289,0.079,0.344,0.265,0.087,2.576,2.489,0.079,17.211,17.132,0.496,0.409,-0.087,0.175,1.248,1.073,0.079,0.248,0.169,0.087,0.368,0.281,0.071,0.272,0.201,0.071,Imposter
Deepti,0.08,0.355,0.275,0.08,0.256,0.176,0.072,0.203,0.131,0.071,0.36,0.289,0.068,0.536,0.468,0.188,0.085,-0.103,0.156,0.52,0.364,0.076,0.147,0.071,0.124,0.306,0.182,0.08,0.342,0.262,0.079,Imposter
Deepti,0.031,0.384,0.353,0.071,0.328,0.257,0.079,0.4,0.321,0.063,6.024,5.961,0.039,2.503,2.464,0.24,0.161,-0.079,0.119,0.456,0.337,0.071,0.176,0.105,0.087,0.256,0.169,0.071,0.336,0.265,0.063,Imposter
Deepti,0.088,0.49,0.402,0.08,0.45,0.37,0.075,0.395,0.32,0.076,0.321,0.245,0.071,0.409,0.338,0.409,0.333,-0.076,0.127,0.554,0.427,0.104,0.5,0.396,0.08,0.525,0.445,0.084,0.357,0.273,0.084,Imposter
Deepti,0.099,0.629,0.53,0.072,0.377,0.305,0.079,0.426,0.347,0.075,0.424,0.349,0.071,0.506,0.435,0.435,0.364,-0.071,0.116,0.619,0.503,0.096,0.497,0.401,0.083,0.545,0.462,0.076,0.345,0.269,0.083,Imposter
Deepti,0.085,0.538,0.453,0.076,0.528,0.452,0.071,0.449,0.378,0.08,0.583,0.503,0.071,0.396,0.325,0.432,0.368,-0.064,0.14,0.577,0.437,0.092,0.462,0.37,0.083,0.484,0.401,0.091,0.347,0.256,0.08,Imposter
Deepti,0.071,0.284,0.213,0.071,0.244,0.173,0.067,0.24,0.173,0.076,0.496,0.42,0.072,0.446,0.374,0.268,0.184,-0.084,0.092,0.453,0.361,0.072,0.135,0.063,0.104,0.315,0.211,0.076,0.321,0.245,0.079,Imposter
Deepti,0.1,0.651,0.551,0.072,0.42,0.348,0.084,0.442,0.358,0.08,0.51,0.43,0.068,0.44,0.372,0.392,0.336,-0.056,0.132,0.544,0.412,0.104,0.466,0.362,0.088,0.539,0.451,0.071,0.347,0.276,0.088,Imposter
Deepti,0.079,0.848,0.769,0.071,0.296,0.225,0.087,0.712,0.625,0.079,0.472,0.393,0.071,0.719,0.648,0.327,0.241,-0.086,0.127,0.511,0.384,0.072,0.313,0.241,0.103,0.264,0.161,0.063,0.4,0.337,0.071,Imposter
Deepti,0.079,0.348,0.269,0.075,0.223,0.148,0.068,0.187,0.119,0.075,0.395,0.32,0.071,0.415,0.344,0.276,0.185,-0.091,0.108,0.764,0.656,0.075,0.245,0.17,0.095,0.272,0.177,0.076,0.359,0.283,0.08,Imposter
Deepti,0.072,0.506,0.434,0.095,0.343,0.248,0.076,0.264,0.188,0.075,0.634,0.559,0.072,0.44,0.368,0.244,0.188,-0.056,0.084,0.475,0.391,0.084,0.172,0.088,0.096,0.263,0.167,0.084,0.511,0.427,0.088,Imposter
Deepti,0.127,0.56,0.433,0.111,0.432,0.321,0.103,0.52,0.417,0.087,0.56,0.473,0.087,0.647,0.56,0.72,0.489,-0.231,0.239,1.656,1.417,0.087,0.528,0.441,0.087,0.536,0.449,0.095,0.368,0.273,0.087,Imposter
Deepti,0.079,0.442,0.363,0.069,0.388,0.319,0.075,0.363,0.288,0.071,0.489,0.418,0.067,0.402,0.335,0.336,0.285,-0.051,0.123,0.49,0.367,0.095,0.42,0.325,0.08,0.515,0.435,0.075,0.323,0.248,0.075,Imposter
Deepti,0.071,0.261,0.19,0.071,0.257,0.186,0.069,0.234,0.165,0.08,0.382,0.302,0.063,0.372,0.309,0.276,0.193,-0.083,0.083,0.426,0.343,0.073,0.072,-0.001,0.131,0.277,0.146,0.067,0.265,0.198,0.072,Imposter
Deepti,0.047,1.208,1.161,0.079,0.328,0.249,0.071,0.208,0.137,0.079,0.904,0.825,0.071,0.687,0.616,0.36,0.273,-0.087,0.127,0.424,0.297,0.079,0.224,0.145,0.071,0.256,0.185,0.071,0.256,0.185,0.071,Imposter
Deepti,0.076,0.38,0.304,0.076,0.292,0.216,0.067,0.186,0.119,0.071,0.562,0.491,0.067,0.498,0.431,0.264,0.189,-0.075,0.084,0.443,0.359,0.075,0.189,0.114,0.095,0.391,0.296,0.079,0.399,0.32,0.075,Imposter
Deepti,0.095,0.482,0.387,0.084,0.422,0.338,0.076,0.413,0.337,0.075,0.394,0.319,0.075,0.479,0.404,0.4,0.333,-0.067,0.14,0.616,0.476,0.104,0.514,0.41,0.08,0.519,0.439,0.087,0.413,0.326,0.075,Imposter
Deepti,0.074,0.38,0.306,0.096,0.321,0.225,0.079,0.229,0.15,0.087,0.626,0.539,0.075,0.528,0.453,0.224,0.189,-0.035,0.095,0.442,0.347,0.083,0.146,0.063,0.127,0.355,0.228,0.08,0.307,0.227,0.079,Imposter
Deepti,0.062,0.562,0.5,0.087,0.456,0.369,0.091,0.595,0.504,0.079,2.651,2.572,0.087,0.968,0.881,0.458,0.372,-0.086,0.159,0.658,0.499,0.1,0.516,0.416,0.091,0.601,0.51,0.076,0.462,0.386,0.075,Imposter
Deepti,0.076,0.498,0.422,0.084,0.449,0.365,0.088,0.425,0.337,0.083,0.488,0.405,0.077,0.478,0.401,0.433,0.361,-0.072,0.127,0.603,0.476,0.103,0.522,0.419,0.079,0.504,0.425,0.091,0.398,0.307,0.079,Imposter
Deepti,0.079,0.44,0.361,0.071,0.328,0.257,0.079,0.28,0.201,0.079,0.544,0.465,0.079,0.463,0.384,0.304,0.233,-0.071,0.087,0.456,0.369,0.082,0.192,0.11,0.087,0.272,0.185,0.079,0.304,0.225,0.071,Imposter
Deepti,0.085,0.945,0.86,0.075,0.476,0.401,0.076,0.442,0.366,0.068,0.368,0.3,0.068,0.628,0.56,0.36,0.285,-0.075,0.139,0.597,0.458,0.091,0.504,0.413,0.083,0.56,0.477,0.083,0.394,0.311,0.083,Imposter
Deepti,0.083,0.506,0.423,0.078,0.413,0.335,0.075,0.402,0.327,0.063,0.423,0.36,0.067,0.436,0.369,0.436,0.373,-0.063,0.119,0.575,0.456,0.095,0.455,0.36,0.099,0.542,0.443,0.087,0.438,0.351,0.072,Imposter
Deepti,0.095,0.416,0.321,0.071,0.376,0.305,0.071,0.208,0.137,0.087,0.888,0.801,0.071,0.559,0.488,0.312,0.225,-0.087,0.095,0.456,0.361,0.079,0.2,0.121,0.071,0.272,0.201,0.079,0.296,0.217,0.071,Imposter
Deepti,0.083,0.314,0.231,0.08,0.246,0.166,0.072,0.21,0.138,0.08,0.613,0.533,0.071,0.471,0.4,0.28,0.197,-0.083,0.108,0.447,0.339,0.08,0.17,0.09,0.115,0.332,0.217,0.072,0.339,0.267,0.076,Imposter
Deepti,0.079,0.44,0.361,0.075,0.273,0.198,0.076,0.216,0.14,0.08,0.636,0.556,0.071,0.576,0.505,0.263,0.179,-0.084,0.089,0.515,0.426,0.08,0.776,0.696,0.072,0.426,0.354,0.076,0.374,0.298,0.072,Imposter
Deepti,0.077,0.452,0.375,0.081,0.333,0.252,0.079,0.377,0.298,0.061,0.357,0.296,0.071,0.394,0.323,0.364,0.312,-0.052,0.116,0.495,0.379,0.096,0.44,0.344,0.08,0.465,0.385,0.076,0.311,0.235,0.072,Imposter
Deepti,0.114,0.519,0.405,0.088,0.441,0.353,0.095,0.52,0.425,0.095,1.544,1.449,0.103,0.647,0.544,0.512,0.353,-0.159,0.231,2.608,2.377,0.102,0.584,0.482,0.079,0.568,0.489,0.102,0.408,0.306,0.102,Imposter
Deepti,0.084,0.503,0.419,0.066,0.406,0.34,0.072,0.386,0.314,0.074,0.387,0.313,0.068,2.105,2.037,0.568,0.485,-0.083,0.135,0.768,0.633,0.088,0.492,0.404,0.084,0.591,0.507,0.08,0.464,0.384,0.076,Imposter
Deepti,0.08,0.449,0.369,0.071,0.439,0.368,0.079,0.422,0.343,0.08,0.297,0.217,0.064,0.446,0.382,0.36,0.297,-0.063,0.131,0.519,0.388,0.096,0.467,0.371,0.08,0.51,0.43,0.076,0.302,0.226,0.076,Imposter
Deepti,0.092,0.644,0.552,0.095,0.28,0.185,0.071,0.231,0.16,0.087,0.459,0.372,0.06,0.491,0.431,0.247,0.16,-0.087,0.092,0.851,0.759,0.071,0.222,0.151,0.132,0.34,0.208,0.076,0.341,0.265,0.076,Imposter
Deepti,0.093,0.603,0.51,0.08,0.512,0.432,0.083,0.511,0.428,0.075,0.678,0.603,0.076,0.497,0.421,0.888,0.761,-0.127,0.176,0.704,0.528,0.096,0.531,0.435,0.086,0.597,0.511,0.075,0.444,0.369,0.076,Imposter
Deepti,0.087,0.535,0.448,0.075,0.423,0.348,0.079,0.406,0.327,0.083,0.413,0.33,0.071,0.486,0.415,0.488,0.389,-0.099,0.147,0.642,0.495,0.107,0.482,0.375,0.079,0.471,0.392,0.087,0.382,0.295,0.079,Imposter
Deepti,0.08,0.302,0.222,0.071,0.257,0.186,0.071,0.233,0.162,0.063,0.367,0.304,0.067,0.459,0.392,0.292,0.201,-0.091,0.108,0.449,0.341,0.072,0.161,0.089,0.116,0.306,0.19,0.08,0.357,0.277,0.08,Imposter
Deepti,0.1,0.373,0.273,0.1,0.31,0.21,0.072,0.24,0.168,0.087,0.648,0.561,0.068,0.703,0.635,0.275,0.18,-0.095,0.152,0.614,0.462,0.075,0.229,0.154,0.092,0.325,0.233,0.08,0.421,0.341,0.076,Imposter
Deepti,0.067,0.299,0.232,0.076,0.25,0.174,0.071,0.197,0.126,0.085,0.349,0.264,0.063,0.365,0.302,0.252,0.197,-0.055,0.079,0.409,0.33,0.076,0.084,0.008,0.143,0.249,0.106,0.064,0.25,0.186,0.071,Imposter
Deepti,0.091,0.923,0.832,0.103,0.552,0.449,0.087,0.352,0.265,0.095,0.904,0.809,0.087,0.513,0.426,0.358,0.231,-0.127,0.143,0.537,0.394,0.094,0.199,0.105,0.103,0.32,0.217,0.072,0.336,0.264,0.087,Imposter
Deepti,0.092,0.943,0.851,0.083,0.295,0.212,0.075,0.192,0.117,0.076,0.534,0.458,0.068,0.577,0.509,0.292,0.205,-0.087,0.119,0.518,0.399,0.071,0.181,0.11,0.12,0.374,0.254,0.075,0.394,0.319,0.076,Imposter
Deepti,0.055,0.36,0.305,0.095,0.304,0.209,0.071,0.32,0.249,0.087,0.64,0.553,0.071,0.503,0.432,0.288,0.209,-0.079,0.087,0.432,0.345,0.079,0.184,0.105,0.095,0.312,0.217,0.079,0.352,0.273,0.071,Imposter
Deepti,0.071,0.281,0.21,0.078,0.272,0.194,0.071,0.312,0.241,0.078,0.575,0.497,0.079,0.488,0.409,0.287,0.2,-0.087,0.095,0.48,0.385,0.087,0.208,0.121,0.087,0.392,0.305,0.071,0.344,0.273,0.087,Imposter
Deepti,0.088,0.5,0.412,0.083,0.433,0.35,0.088,0.403,0.315,0.076,0.527,0.451,0.072,0.449,0.377,0.388,0.317,-0.071,0.131,0.53,0.399,0.104,0.483,0.379,0.084,0.499,0.415,0.083,0.332,0.249,0.083,Imposter
Deepti,0.079,0.394,0.315,0.075,0.23,0.155,0.068,0.205,0.137,0.08,0.476,0.396,0.071,0.603,0.532,0.248,0.165,-0.083,0.087,0.46,0.373,0.071,0.142,0.071,0.1,0.435,0.335,0.076,0.369,0.293,0.076,Imposter
Deepti,0.079,0.448,0.369,0.077,0.354,0.277,0.075,0.38,0.305,0.075,0.313,0.238,0.071,0.378,0.307,0.376,0.317,-0.059,0.135,0.523,0.388,0.097,0.439,0.342,0.079,0.507,0.428,0.084,0.354,0.27,0.08,Imposter
Deepti,0.112,1.724,1.612,0.08,0.468,0.388,0.083,0.48,0.397,0.076,0.592,0.516,0.072,0.491,0.419,0.464,0.368,-0.096,0.16,0.667,0.507,0.104,0.522,0.418,0.083,0.564,0.481,0.084,0.402,0.318,0.084,Imposter
Deepti,0.087,0.767,0.68,0.079,0.295,0.216,0.068,0.201,0.133,0.08,0.532,0.452,0.068,0.481,0.413,0.211,0.185,-0.026,0.091,0.436,0.345,0.076,0.145,0.069,0.12,0.9,0.78,0.076,0.293,0.217,0.072,Imposter
Deepti,0.08,0.342,0.262,0.075,0.212,0.137,0.068,0.191,0.123,0.079,0.428,0.349,0.072,0.409,0.337,0.228,0.136,-0.092,0.132,0.445,0.313,0.076,0.151,0.075,0.123,0.292,0.169,0.075,0.307,0.232,0.079,Imposter
Deepti,0.095,0.488,0.393,0.087,0.336,0.249,0.087,0.472,0.385,0.071,0.48,0.409,0.071,0.503,0.432,0.512,0.401,-0.111,0.159,0.592,0.433,0.111,0.528,0.417,0.071,0.496,0.425,0.079,0.488,0.409,0.079,Imposter
Deepti,0.084,0.582,0.498,0.067,0.395,0.328,0.076,0.391,0.315,0.064,0.392,0.328,0.063,0.608,0.545,0.372,0.317,-0.055,0.116,0.783,0.667,0.083,0.426,0.343,0.084,0.441,0.357,0.079,0.619,0.54,0.075,Imposter
Deepti,0.087,0.424,0.337,0.07,0.312,0.242,0.078,0.432,0.354,0.071,1.064,0.993,0.078,0.67,0.592,0.32,0.225,-0.095,0.176,0.4,0.224,0.079,0.2,0.121,0.087,0.224,0.137,0.079,0.288,0.209,0.088,Imposter
Deepti,0.103,0.56,0.457,0.071,0.257,0.186,0.078,0.207,0.129,0.079,0.456,0.377,0.071,0.528,0.457,0.287,0.216,-0.071,0.087,0.408,0.321,0.071,0.144,0.073,0.104,0.264,0.16,0.071,0.28,0.209,0.079,Imposter
Deepti,0.076,0.321,0.245,0.084,0.295,0.211,0.072,0.229,0.157,0.1,0.573,0.473,0.068,0.418,0.35,0.264,0.177,-0.087,0.116,0.49,0.374,0.072,0.153,0.081,0.128,0.317,0.189,0.076,0.331,0.255,0.08,Imposter
Huy,0.088,0.897,0.809,0.119,0.2,0.081,0.063,0.376,0.313,0.095,0.296,0.201,0.111,0.272,0.161,0.224,0.16,-0.064,0.119,0.144,0.025,0.079,0.145,0.066,0.094,0.079,-0.015,0.144,0.168,0.024,0.111,Imposter
Huy,0.088,0.552,0.464,0.08,0.144,0.064,0.08,0.393,0.313,0.095,0.439,0.344,0.105,0.265,0.16,0.167,0.111,-0.056,0.12,0.144,0.024,0.088,0.12,0.032,0.112,0.08,-0.032,0.104,0.159,0.055,0.089,Imposter
Huy,0.087,0.167,0.08,0.096,0.128,0.032,0.097,0.113,0.016,0.095,0.257,0.162,0.094,0.231,0.137,0.192,0.12,-0.072,0.128,0.159,0.031,0.088,0.112,0.024,0.096,0.112,0.016,0.105,0.153,0.048,0.095,Imposter
Huy,0.072,0.537,0.465,0.104,0.152,0.048,0.111,0.127,0.016,0.113,0.249,0.136,0.095,0.24,0.145,0.215,0.112,-0.103,0.135,0.159,0.024,0.105,0.137,0.032,0.096,0.12,0.024,0.095,0.185,0.09,0.11,Imposter
Huy,0.079,0.159,0.08,0.103,0.16,0.057,0.096,0.128,0.032,0.096,0.36,0.264,0.111,0.248,0.137,0.2,0.136,-0.064,0.12,0.169,0.049,0.071,0.128,0.057,0.095,0.127,0.032,0.104,0.176,0.072,0.08,Imposter
Huy,0.103,0.176,0.073,0.095,0.152,0.057,0.096,0.119,0.023,0.065,0.216,0.151,0.123,0.257,0.134,0.215,0.127,-0.088,0.161,0.145,-0.016,0.079,0.143,0.064,0.105,0.121,0.016,0.095,0.159,0.064,0.096,Imposter
Huy,0.095,0.175,0.08,0.105,0.137,0.032,0.079,0.103,0.024,0.096,0.249,0.153,0.112,0.223,0.111,0.201,0.129,-0.072,0.127,0.175,0.048,0.089,0.112,0.023,0.097,0.113,0.016,0.087,0.167,0.08,0.104,Imposter
Huy,0.088,0.152,0.064,0.104,0.145,0.041,0.096,0.119,0.023,0.08,0.241,0.161,0.096,0.263,0.167,0.209,0.145,-0.064,0.128,0.112,-0.016,0.087,0.135,0.048,0.089,0.105,0.016,0.087,0.168,0.081,0.087,Imposter
Huy,0.103,0.183,0.08,0.104,0.153,0.049,0.088,0.112,0.024,0.103,0.288,0.185,0.112,0.239,0.127,0.193,0.138,-0.055,0.111,0.15,0.039,0.08,0.104,0.024,0.097,0.129,0.032,0.104,0.16,0.056,0.095,Imposter
Huy,0.088,0.176,0.088,0.113,0.136,0.023,0.064,0.112,0.048,0.088,0.24,0.152,0.112,0.247,0.135,0.2,0.121,-0.079,0.127,0.177,0.05,0.086,0.135,0.049,0.071,0.112,0.041,0.127,0.088,-0.039,0.112,Imposter
Huy,0.088,0.185,0.097,0.103,0.143,0.04,0.072,0.104,0.032,0.096,0.376,0.28,0.103,0.288,0.185,0.199,0.128,-0.071,0.12,0.16,0.04,0.096,0.144,0.048,0.103,0.12,0.017,0.097,0.168,0.071,0.08,Imposter
Huy,0.081,0.169,0.088,0.103,0.127,0.024,0.08,0.12,0.04,0.097,0.224,0.127,0.104,0.201,0.097,0.207,0.128,-0.079,0.134,0.176,0.042,0.08,0.12,0.04,0.112,0.127,0.015,0.121,0.098,-0.023,0.112,Imposter
Huy,0.103,0.175,0.072,0.097,0.129,0.032,0.087,0.127,0.04,0.111,0.266,0.155,0.094,0.222,0.128,0.201,0.121,-0.08,0.143,0.167,0.024,0.096,0.12,0.024,0.097,0.113,0.016,0.088,0.111,0.023,0.112,Imposter
Huy,0.092,0.16,0.068,0.095,0.136,0.041,0.088,0.12,0.032,0.103,0.279,0.176,0.105,0.241,0.136,0.184,0.111,-0.073,0.12,0.145,0.025,0.087,0.119,0.032,0.088,0.104,0.016,0.129,0.114,-0.015,0.095,Imposter
Huy,0.078,0.622,0.544,0.111,0.664,0.553,0.079,0.224,0.145,0.096,0.663,0.567,0.089,0.289,0.2,0.335,0.256,-0.079,0.119,0.264,0.145,0.072,0.12,0.048,0.087,0.183,0.096,0.097,0.249,0.152,0.087,Imposter
Huy,0.088,0.208,0.12,0.088,0.104,0.016,0.088,0.137,0.049,0.071,0.255,0.184,0.111,0.264,0.153,0.191,0.128,-0.063,0.12,0.161,0.041,0.079,0.111,0.032,0.08,0.128,0.048,0.096,0.169,0.073,0.079,Imposter
Huy,0.112,0.193,0.081,0.095,0.119,0.024,0.088,0.13,0.042,0.078,0.24,0.162,0.11,0.239,0.129,0.191,0.128,-0.063,0.127,0.16,0.033,0.08,0.111,0.031,0.096,0.113,0.017,0.086,0.177,0.091,0.071,Imposter
Huy,0.081,0.426,0.345,0.127,0.255,0.128,0.079,0.168,0.089,0.104,1.152,1.048,0.088,0.288,0.2,0.263,0.2,-0.063,0.119,0.192,0.073,0.088,0.128,0.04,0.096,0.176,0.08,0.104,0.232,0.128,0.087,Imposter
Huy,0.088,0.761,0.673,0.095,0.24,0.145,0.063,0.175,0.112,0.105,0.296,0.191,0.096,0.281,0.185,0.215,0.135,-0.08,0.12,0.16,0.04,0.064,0.096,0.032,0.088,0.153,0.065,0.087,0.144,0.057,0.095,Imposter
Huy,0.088,0.153,0.065,0.095,0.151,0.056,0.088,0.112,0.024,0.079,0.352,0.273,0.104,0.272,0.168,0.232,0.16,-0.072,0.144,0.16,0.016,0.088,0.12,0.032,0.096,0.217,0.121,0.039,0.32,0.281,0.111,Imposter
Huy,0.105,0.169,0.064,0.111,0.151,0.04,0.088,0.145,0.057,0.12,0.271,0.151,0.121,0.225,0.104,0.256,0.152,-0.104,0.144,0.168,0.024,0.088,0.136,0.048,0.095,0.119,0.024,0.13,0.089,-0.041,0.111,Imposter
Huy,0.119,0.193,0.074,0.111,0.127,0.016,0.095,0.111,0.016,0.105,0.24,0.135,0.113,0.216,0.103,0.257,0.169,-0.088,0.127,0.144,0.017,0.08,0.12,0.04,0.103,0.127,0.024,0.136,0.089,-0.047,0.112,Imposter
Huy,0.071,0.129,0.058,0.103,0.127,0.024,0.095,0.12,0.025,0.087,0.264,0.177,0.112,0.297,0.185,0.23,0.167,-0.063,0.128,0.144,0.016,0.064,0.128,0.064,0.087,0.127,0.04,0.137,0.113,-0.024,0.111,Imposter
Huy,0.093,0.309,0.216,0.096,0.144,0.048,0.079,0.16,0.081,0.113,0.272,0.159,0.111,0.288,0.177,0.191,0.104,-0.087,0.136,0.184,0.048,0.08,0.128,0.048,0.096,0.12,0.024,0.104,0.185,0.081,0.087,Imposter
Huy,0.106,0.178,0.072,0.102,0.134,0.032,0.097,0.137,0.04,0.088,0.496,0.408,0.112,0.32,0.208,0.231,0.128,-0.103,0.135,0.168,0.033,0.088,0.144,0.056,0.087,0.127,0.04,0.121,0.145,0.024,0.096,Imposter
Huy,0.096,0.26,0.164,0.092,0.141,0.049,0.087,0.471,0.384,0.08,0.841,0.761,0.119,0.359,0.24,0.248,0.16,-0.088,0.128,0.152,0.024,0.111,0.137,0.026,0.103,0.143,0.04,0.096,0.176,0.08,0.105,Imposter
Huy,0.081,0.201,0.12,0.111,0.136,0.025,0.112,0.128,0.016,0.082,0.345,0.263,0.096,0.263,0.167,0.24,0.144,-0.096,0.128,0.168,0.04,0.095,0.168,0.073,0.096,0.136,0.04,0.103,0.184,0.081,0.088,Imposter
Huy,0.097,0.169,0.072,0.112,0.151,0.039,0.105,0.129,0.024,0.072,0.272,0.2,0.111,0.28,0.169,0.248,0.184,-0.064,0.12,0.16,0.04,0.071,0.159,0.088,0.089,0.105,0.016,0.103,0.12,0.017,0.111,Imposter
Huy,0.097,1.529,1.432,0.112,0.224,0.112,0.079,0.136,0.057,0.096,0.744,0.648,0.072,0.248,0.176,0.304,0.216,-0.088,0.12,0.208,0.088,0.088,0.121,0.033,0.103,0.159,0.056,0.103,0.208,0.105,0.096,Imposter
Huy,0.081,0.185,0.104,0.11,0.151,0.041,0.088,0.112,0.024,0.096,0.328,0.232,0.096,0.264,0.168,0.28,0.169,-0.111,0.135,0.199,0.064,0.096,0.145,0.049,0.096,0.151,0.055,0.088,0.184,0.096,0.088,Imposter
Huy,0.096,0.496,0.4,0.105,0.16,0.055,0.08,0.113,0.033,0.103,0.24,0.137,0.095,0.223,0.128,0.216,0.129,-0.087,0.127,0.151,0.024,0.088,0.105,0.017,0.096,0.128,0.032,0.087,0.152,0.065,0.095,Imposter
Huy,0.087,0.152,0.065,0.104,0.12,0.016,0.096,0.136,0.04,0.087,0.256,0.169,0.111,0.263,0.152,0.225,0.153,-0.072,0.136,0.168,0.032,0.071,0.144,0.073,0.088,0.143,0.055,0.128,0.184,0.056,0.065,Imposter
Huy,0.111,0.183,0.072,0.096,0.121,0.025,0.095,0.111,0.016,0.088,0.24,0.152,0.091,0.249,0.158,0.184,0.119,-0.065,0.121,0.16,0.039,0.072,0.112,0.04,0.088,0.112,0.024,0.088,0.169,0.081,0.095,Imposter
Huy,0.082,0.161,0.079,0.112,0.137,0.025,0.087,0.136,0.049,0.08,0.264,0.184,0.12,0.248,0.128,0.2,0.127,-0.073,0.129,0.161,0.032,0.08,0.103,0.023,0.087,0.112,0.025,0.097,0.153,0.056,0.103,Imposter
Huy,0.072,0.159,0.087,0.113,0.129,0.016,0.08,0.136,0.056,0.095,0.296,0.201,0.103,0.36,0.257,0.304,0.223,-0.081,0.129,0.153,0.024,0.08,0.144,0.064,0.087,0.128,0.041,0.135,0.104,-0.031,0.079,Imposter
Huy,0.072,0.135,0.063,0.113,0.137,0.024,0.087,0.113,0.026,0.103,0.239,0.136,0.104,0.24,0.136,0.232,0.128,-0.104,0.143,0.168,0.025,0.095,0.136,0.041,0.088,0.136,0.048,0.143,0.12,-0.023,0.103,Imposter
Huy,0.087,0.52,0.433,0.079,0.161,0.082,0.087,0.071,-0.016,0.096,0.28,0.184,0.103,0.232,0.129,0.231,0.168,-0.063,0.119,0.144,0.025,0.079,0.128,0.049,0.088,0.112,0.024,0.095,0.16,0.065,0.095,Imposter
Huy,0.095,0.183,0.088,0.096,0.129,0.033,0.104,0.12,0.016,0.087,0.216,0.129,0.098,0.2,0.102,0.216,0.135,-0.081,0.129,0.169,0.04,0.088,0.136,0.048,0.079,0.103,0.024,0.129,0.105,-0.024,0.12,Imposter
Huy,0.112,0.199,0.087,0.104,0.137,0.033,0.103,0.119,0.016,0.088,0.241,0.153,0.119,0.377,0.258,0.238,0.166,-0.072,0.135,0.176,0.041,0.089,0.144,0.055,0.088,0.136,0.048,0.088,0.169,0.081,0.087,Imposter
Huy,0.104,0.176,0.072,0.103,0.143,0.04,0.097,0.113,0.016,0.072,0.232,0.16,0.103,0.24,0.137,0.279,0.207,-0.072,0.129,0.184,0.055,0.08,0.128,0.048,0.089,0.136,0.047,0.088,0.176,0.088,0.089,Imposter
Huy,0.089,0.264,0.175,0.109,0.193,0.084,0.088,0.271,0.183,0.097,0.281,0.184,0.119,0.264,0.145,0.247,0.152,-0.095,0.135,0.16,0.025,0.08,0.144,0.064,0.079,0.184,0.105,0.144,0.128,-0.016,0.151,Imposter
Huy,0.111,0.302,0.191,0.113,0.129,0.016,0.096,0.135,0.039,0.089,0.241,0.152,0.095,0.216,0.121,0.199,0.12,-0.079,0.159,0.136,-0.023,0.087,0.143,0.056,0.088,0.105,0.017,0.095,0.08,-0.015,0.112,Imposter
Huy,0.087,0.688,0.601,0.088,0.184,0.096,0.079,0.2,0.121,0.072,0.856,0.784,0.087,0.352,0.265,0.208,0.151,-0.057,0.137,0.185,0.048,0.087,0.128,0.041,0.087,0.176,0.089,0.088,0.208,0.12,0.079,Imposter
Huy,0.071,0.44,0.369,0.088,0.136,0.048,0.087,0.138,0.051,0.093,0.262,0.169,0.111,0.239,0.128,0.248,0.153,-0.095,0.127,0.159,0.032,0.072,0.129,0.057,0.088,0.104,0.016,0.095,0.168,0.073,0.096,Imposter
Huy,0.092,0.301,0.209,0.095,0.135,0.04,0.08,0.208,0.128,0.096,0.864,0.768,0.072,0.337,0.265,0.207,0.111,-0.096,0.135,0.191,0.056,0.081,0.097,0.016,0.096,0.12,0.024,0.095,0.176,0.081,0.096,Imposter
Huy,0.088,0.552,0.464,0.112,0.16,0.048,0.08,0.159,0.079,0.081,0.689,0.608,0.088,0.288,0.2,0.184,0.112,-0.072,0.121,0.144,0.023,0.104,0.128,0.024,0.08,0.128,0.048,0.121,0.216,0.095,0.087,Imposter
Huy,0.088,0.217,0.129,0.112,0.128,0.016,0.088,0.135,0.047,0.113,0.257,0.144,0.104,0.232,0.128,0.223,0.12,-0.103,0.135,0.159,0.024,0.089,0.138,0.049,0.111,0.095,-0.016,0.135,0.079,-0.056,0.129,Imposter
Huy,0.091,0.147,0.056,0.112,0.136,0.024,0.088,0.113,0.025,0.111,0.246,0.135,0.105,0.241,0.136,0.207,0.144,-0.063,0.12,0.144,0.024,0.08,0.127,0.047,0.104,0.12,0.016,0.112,0.089,-0.023,0.111,Imposter
Huy,0.088,0.568,0.48,0.095,0.169,0.074,0.087,0.127,0.04,0.111,0.264,0.153,0.095,0.264,0.169,0.216,0.16,-0.056,0.119,0.152,0.033,0.087,0.143,0.056,0.097,0.113,0.016,0.112,0.136,0.024,0.096,Imposter
Huy,0.088,0.184,0.096,0.128,0.152,0.024,0.104,0.176,0.072,0.12,0.352,0.232,0.12,0.289,0.169,0.199,0.127,-0.072,0.128,0.169,0.041,0.079,0.111,0.032,0.112,0.168,0.056,0.096,0.16,0.064,0.096,Imposter
Huy,0.095,0.64,0.545,0.111,0.183,0.072,0.08,0.16,0.08,0.097,0.794,0.697,0.119,0.335,0.216,0.207,0.144,-0.063,0.127,0.167,0.04,0.081,0.105,0.024,0.088,0.12,0.032,0.111,0.217,0.106,0.07,Imposter
Huy,0.094,0.19,0.096,0.104,0.144,0.04,0.096,0.12,0.024,0.08,0.273,0.193,0.111,0.272,0.161,0.264,0.151,-0.113,0.135,0.183,0.048,0.09,0.154,0.064,0.087,0.135,0.048,0.096,0.177,0.081,0.103,Imposter
Huy,0.089,0.157,0.068,0.115,0.148,0.033,0.087,0.112,0.025,0.08,0.2,0.12,0.08,0.171,0.091,0.189,0.102,-0.087,0.143,0.127,-0.016,0.08,0.143,0.063,0.073,0.088,0.015,0.121,0.097,-0.024,0.087,Imposter
Huy,0.079,0.224,0.145,0.112,0.152,0.04,0.08,0.132,0.052,0.092,0.244,0.152,0.112,0.376,0.264,0.224,0.154,-0.07,0.126,0.174,0.048,0.088,0.112,0.024,0.08,0.129,0.049,0.103,0.175,0.072,0.113,Imposter
Huy,0.104,0.176,0.072,0.106,0.152,0.046,0.08,0.129,0.049,0.071,0.311,0.24,0.104,0.272,0.168,0.216,0.145,-0.071,0.143,0.175,0.032,0.088,0.12,0.032,0.096,0.144,0.048,0.088,0.16,0.072,0.104,Imposter
Huy,0.071,0.224,0.153,0.095,0.12,0.025,0.096,0.136,0.04,0.104,0.256,0.152,0.104,0.249,0.145,0.199,0.128,-0.071,0.126,0.143,0.017,0.104,0.128,0.024,0.087,0.112,0.025,0.111,0.096,-0.015,0.104,Imposter
Huy,0.089,0.304,0.215,0.112,0.185,0.073,0.087,0.128,0.041,0.095,0.511,0.416,0.104,0.296,0.192,0.256,0.177,-0.079,0.118,0.199,0.081,0.096,0.144,0.048,0.088,0.112,0.024,0.112,0.2,0.088,0.096,Imposter
Huy,0.088,0.177,0.089,0.111,0.127,0.016,0.08,0.112,0.032,0.089,0.217,0.128,0.087,0.208,0.121,0.207,0.119,-0.088,0.128,0.104,-0.024,0.082,0.161,0.079,0.104,0.081,-0.023,0.126,0.102,-0.024,0.105,Imposter
Huy,0.071,0.287,0.216,0.113,0.144,0.031,0.088,0.133,0.045,0.083,0.523,0.44,0.088,0.241,0.153,0.199,0.135,-0.064,0.128,0.145,0.017,0.103,0.151,0.048,0.095,0.12,0.025,0.096,0.184,0.088,0.096,Imposter
Huy,0.088,0.168,0.08,0.111,0.152,0.041,0.064,0.112,0.048,0.087,0.272,0.185,0.12,0.52,0.4,0.199,0.128,-0.071,0.128,0.184,0.056,0.087,0.12,0.033,0.103,0.344,0.241,0.095,0.2,0.105,0.104,Imposter
Huy,0.087,0.192,0.105,0.103,0.136,0.033,0.095,0.144,0.049,0.095,0.264,0.169,0.105,0.305,0.2,0.238,0.167,-0.071,0.145,0.121,-0.024,0.095,0.152,0.057,0.086,0.134,0.048,0.121,0.097,-0.024,0.112,Imposter
Huy,0.087,0.151,0.064,0.113,0.153,0.04,0.08,0.128,0.048,0.103,0.632,0.529,0.103,0.344,0.241,0.239,0.16,-0.079,0.127,0.152,0.025,0.08,0.112,0.032,0.088,0.111,0.023,0.104,0.128,0.024,0.113,Imposter
Shridhar,0.111,0.102,-0.009,0.106,0.132,0.026,0.099,0.068,-0.031,0.13,0.247,0.117,0.117,0.234,0.117,0.158,0.084,-0.074,0.143,0.174,0.031,0.112,0.101,-0.011,0.112,0.171,0.059,0.134,0.056,-0.078,0.142,Imposter
Shridhar,0.106,0.1,-0.006,0.107,0.134,0.027,0.089,0.05,-0.039,0.134,0.242,0.108,0.13,0.21,0.08,0.185,0.106,-0.079,0.129,0.163,0.034,0.107,0.098,-0.009,0.133,0.181,0.048,0.125,0.056,-0.069,0.134,Imposter
Shridhar,0.13,0.138,0.008,0.099,0.125,0.026,0.089,0.074,-0.015,0.093,0.218,0.125,0.107,0.177,0.07,0.175,0.083,-0.092,0.138,0.157,0.019,0.094,0.108,0.014,0.129,0.154,0.025,0.126,0.069,-0.057,0.107,Imposter
Shridhar,0.103,0.1,-0.003,0.111,0.145,0.034,0.093,0.092,-0.001,0.106,0.238,0.132,0.116,0.249,0.133,0.204,0.11,-0.094,0.144,0.161,0.017,0.107,0.102,-0.005,0.115,0.18,0.065,0.138,0.064,-0.074,0.13,Imposter
Shridhar,0.136,0.175,0.039,0.12,0.158,0.038,0.099,0.096,-0.003,0.109,0.226,0.117,0.094,0.175,0.081,0.139,0.059,-0.08,0.13,0.163,0.033,0.1,0.099,-0.001,0.105,0.166,0.061,0.154,0.088,-0.066,0.111,Imposter
Shridhar,0.133,0.173,0.04,0.143,0.193,0.05,0.111,0.266,0.155,0.152,0.534,0.382,0.108,0.356,0.248,0.289,0.192,-0.097,0.143,0.411,0.268,0.126,0.143,0.017,0.12,0.1,-0.02,0.122,0.452,0.33,0.092,Imposter
Shridhar,0.106,0.11,0.004,0.102,0.115,0.013,0.094,0.069,-0.025,0.125,0.271,0.146,0.098,0.181,0.083,0.199,0.115,-0.084,0.143,0.208,0.065,0.126,0.096,-0.03,0.135,0.193,0.058,0.161,0.083,-0.078,0.14,Imposter
Shridhar,0.096,0.116,0.02,0.12,0.115,-0.005,0.089,0.1,0.011,0.109,0.615,0.506,0.125,0.209,0.084,0.163,0.079,-0.084,0.125,0.154,0.029,0.105,0.09,-0.015,0.126,0.151,0.025,0.125,0.06,-0.065,0.129,Imposter
Shridhar,0.106,0.114,0.008,0.116,0.148,0.032,0.089,0.073,-0.016,0.13,0.303,0.173,0.098,0.224,0.126,0.185,0.094,-0.091,0.127,0.141,0.014,0.116,0.103,-0.013,0.156,0.271,0.115,0.149,0.056,-0.093,0.133,Imposter
Shridhar,0.128,0.108,-0.02,0.11,0.137,0.027,0.101,0.083,-0.018,0.101,0.212,0.111,0.102,0.192,0.09,0.165,0.095,-0.07,0.143,0.174,0.031,0.117,0.11,-0.007,0.116,0.155,0.039,0.138,0.078,-0.06,0.11,Imposter
Shridhar,0.098,0.145,0.047,0.12,0.154,0.034,0.097,0.083,-0.014,0.111,0.245,0.134,0.093,0.305,0.212,0.162,0.078,-0.084,0.116,0.192,0.076,0.103,0.115,0.012,0.154,0.222,0.068,0.163,0.074,-0.089,0.129,Imposter
Shridhar,0.12,0.113,-0.007,0.098,0.129,0.031,0.093,0.101,0.008,0.13,0.252,0.122,0.108,0.25,0.142,0.24,0.143,-0.097,0.146,0.18,0.034,0.106,0.121,0.015,0.107,0.171,0.064,0.152,0.084,-0.068,0.124,Imposter
Shridhar,0.102,0.303,0.201,0.128,0.135,0.007,0.096,0.092,-0.004,0.115,0.482,0.367,0.094,0.19,0.096,0.152,0.106,-0.046,0.125,0.235,0.11,0.117,0.101,-0.016,0.14,0.189,0.049,0.2,0.13,-0.07,0.134,Imposter
Shridhar,0.099,0.118,0.019,0.106,0.111,0.005,0.082,0.09,0.008,0.099,0.257,0.158,0.097,0.211,0.114,0.147,0.065,-0.082,0.127,0.136,0.009,0.113,0.107,-0.006,0.11,0.152,0.042,0.163,0.087,-0.076,0.127,Imposter
Shridhar,0.103,0.161,0.058,0.102,0.092,-0.01,0.099,0.075,-0.024,0.096,0.202,0.106,0.103,0.195,0.092,0.193,0.102,-0.091,0.11,0.498,0.388,0.108,0.126,0.018,0.13,0.088,-0.042,0.111,0.126,0.015,0.12,Imposter
Shridhar,0.105,0.173,0.068,0.125,0.157,0.032,0.094,0.113,0.019,0.111,0.313,0.202,0.098,0.226,0.128,0.163,0.115,-0.048,0.108,0.198,0.09,0.102,0.083,-0.019,0.134,0.385,0.251,0.148,0.075,-0.073,0.12,Imposter
Shridhar,0.107,0.109,0.002,0.098,0.116,0.018,0.09,0.071,-0.019,0.108,0.614,0.506,0.107,0.173,0.066,0.207,0.096,-0.111,0.162,0.116,-0.046,0.092,0.134,0.042,0.11,0.106,-0.004,0.134,0.065,-0.069,0.125,Imposter
Shridhar,0.116,0.119,0.003,0.116,0.13,0.014,0.098,0.087,-0.011,0.093,0.217,0.124,0.11,0.188,0.078,0.164,0.083,-0.081,0.12,0.154,0.034,0.101,0.117,0.016,0.117,0.147,0.03,0.129,0.069,-0.06,0.12,Imposter
Shridhar,0.093,0.105,0.012,0.108,0.122,0.014,0.089,0.078,-0.011,0.126,0.238,0.112,0.11,0.194,0.084,0.176,0.102,-0.074,0.134,0.144,0.01,0.106,0.086,-0.02,0.121,0.141,0.02,0.135,0.048,-0.087,0.132,Imposter
Shridhar,0.121,0.156,0.035,0.12,0.165,0.045,0.126,0.115,-0.011,0.117,0.285,0.168,0.102,0.209,0.107,0.191,0.112,-0.079,0.129,0.181,0.052,0.11,0.096,-0.014,0.115,0.181,0.066,0.133,0.072,-0.061,0.116,Imposter
Shridhar,0.103,0.106,0.003,0.102,0.12,0.018,0.093,0.079,-0.014,0.116,0.232,0.116,0.094,0.195,0.101,0.129,0.06,-0.069,0.134,0.159,0.025,0.103,0.094,-0.009,0.116,0.244,0.128,0.134,0.06,-0.074,0.133,Imposter
Shridhar,0.105,0.129,0.024,0.097,0.127,0.03,0.084,0.06,-0.024,0.116,0.252,0.136,0.107,0.203,0.096,0.171,0.093,-0.078,0.128,0.155,0.027,0.098,0.111,0.013,0.13,0.178,0.048,0.111,0.056,-0.055,0.12,Imposter
Shridhar,0.113,0.133,0.02,0.135,0.143,0.008,0.116,0.13,0.014,0.115,0.443,0.328,0.125,0.241,0.116,0.185,0.115,-0.07,0.124,0.166,0.042,0.115,0.109,-0.006,0.144,0.281,0.137,0.144,0.06,-0.084,0.116,Imposter
Shridhar,0.111,0.119,0.008,0.103,0.119,0.016,0.094,0.07,-0.024,0.11,0.217,0.107,0.116,0.184,0.068,0.185,0.091,-0.094,0.158,0.182,0.024,0.095,0.091,-0.004,0.121,0.184,0.063,0.137,0.068,-0.069,0.124,Imposter
Shridhar,0.098,0.168,0.07,0.136,0.17,0.034,0.103,0.088,-0.015,0.116,0.282,0.166,0.098,0.186,0.088,0.14,0.088,-0.052,0.106,0.172,0.066,0.102,0.092,-0.01,0.121,0.274,0.153,0.149,0.06,-0.089,0.152,Imposter
Shridhar,0.113,0.11,-0.003,0.111,0.134,0.023,0.094,0.079,-0.015,0.111,0.274,0.163,0.106,0.202,0.096,0.157,0.078,-0.079,0.138,0.167,0.029,0.115,0.111,-0.004,0.116,0.161,0.045,0.129,0.065,-0.064,0.12,Imposter
Shridhar,0.13,0.15,0.02,0.126,0.129,0.003,0.099,0.264,0.165,0.112,0.252,0.14,0.111,0.231,0.12,0.186,0.098,-0.088,0.157,0.181,0.024,0.103,0.097,-0.006,0.116,0.181,0.065,0.129,0.054,-0.075,0.154,Imposter
Shridhar,0.121,0.134,0.013,0.117,0.129,0.012,0.092,0.083,-0.009,0.116,0.279,0.163,0.114,0.22,0.106,0.182,0.108,-0.074,0.126,0.231,0.105,0.134,0.176,0.042,0.125,0.169,0.044,0.167,0.092,-0.075,0.134,Imposter
Shridhar,0.117,0.111,-0.006,0.102,0.133,0.031,0.093,0.06,-0.033,0.107,0.216,0.109,0.112,0.193,0.081,0.166,0.092,-0.074,0.148,0.142,-0.006,0.107,0.111,0.004,0.13,0.164,0.034,0.126,0.065,-0.061,0.117,Imposter
Shridhar,0.115,0.147,0.032,0.121,0.136,0.015,0.094,0.092,-0.002,0.102,0.445,0.343,0.093,0.193,0.1,0.348,0.2,-0.148,0.148,0.286,0.138,0.122,0.116,-0.006,0.107,0.15,0.043,0.167,0.088,-0.079,0.143,Imposter
Shridhar,0.103,0.127,0.024,0.139,0.16,0.021,0.102,0.078,-0.024,0.126,0.257,0.131,0.107,0.221,0.114,0.166,0.087,-0.079,0.13,0.189,0.059,0.121,0.116,-0.005,0.115,0.171,0.056,0.134,0.069,-0.065,0.13,Imposter
Shridhar,0.135,0.166,0.031,0.124,0.156,0.032,0.098,0.114,0.016,0.107,0.299,0.192,0.102,0.245,0.143,0.156,0.096,-0.06,0.116,0.177,0.061,0.115,0.111,-0.004,0.121,0.346,0.225,0.154,0.07,-0.084,0.129,Imposter
Shridhar,0.12,0.233,0.113,0.115,0.124,0.009,0.088,0.069,-0.019,0.108,0.228,0.12,0.098,0.182,0.084,0.154,0.081,-0.073,0.127,0.178,0.051,0.108,0.106,-0.002,0.111,0.144,0.033,0.122,0.061,-0.061,0.13,Imposter
Shridhar,0.148,0.199,0.051,0.121,0.154,0.033,0.097,0.088,-0.009,0.11,0.361,0.251,0.096,0.171,0.075,0.185,0.102,-0.083,0.125,0.166,0.041,0.101,0.092,-0.009,0.125,0.149,0.024,0.134,0.061,-0.073,0.124,Imposter
Shridhar,0.126,0.419,0.293,0.126,0.173,0.047,0.107,0.121,0.014,0.13,0.303,0.173,0.098,0.226,0.128,0.175,0.114,-0.061,0.102,0.195,0.093,0.117,0.126,0.009,0.151,0.247,0.096,0.166,0.095,-0.071,0.131,Imposter
Shridhar,0.098,0.117,0.019,0.102,0.115,0.013,0.103,0.085,-0.018,0.119,0.244,0.125,0.097,0.227,0.13,0.143,0.081,-0.062,0.117,0.138,0.021,0.101,0.114,0.013,0.107,0.124,0.017,0.164,0.101,-0.063,0.12,Imposter
Shridhar,0.116,0.129,0.013,0.106,0.114,0.008,0.093,0.098,0.005,0.088,0.206,0.118,0.097,0.218,0.121,0.166,0.092,-0.074,0.124,0.138,0.014,0.088,0.102,0.014,0.111,0.136,0.025,0.131,0.08,-0.051,0.102,Imposter
Shridhar,0.118,0.114,-0.004,0.108,0.147,0.039,0.093,0.075,-0.018,0.115,0.213,0.098,0.109,0.163,0.054,0.175,0.083,-0.092,0.161,0.179,0.018,0.099,0.112,0.013,0.125,0.196,0.071,0.147,0.091,-0.056,0.126,Imposter
Shridhar,0.064,0.071,0.007,0.098,0.15,0.052,0.087,0.068,-0.019,0.097,0.226,0.129,0.094,0.198,0.104,0.128,0.049,-0.079,0.133,0.178,0.045,0.105,0.101,-0.004,0.107,0.14,0.033,0.133,0.064,-0.069,0.125,Imposter
Shridhar,0.093,0.114,0.021,0.1,0.145,0.045,0.088,0.059,-0.029,0.112,0.625,0.513,0.112,0.218,0.106,0.158,0.087,-0.071,0.126,0.174,0.048,0.111,0.101,-0.01,0.13,0.234,0.104,0.153,0.074,-0.079,0.134,Imposter
Shridhar,0.098,0.125,0.027,0.111,0.119,0.008,0.094,0.074,-0.02,0.111,0.238,0.127,0.111,0.216,0.105,0.222,0.115,-0.107,0.176,0.185,0.009,0.124,0.128,0.004,0.098,0.154,0.056,0.148,0.083,-0.065,0.124,Imposter
Shridhar,0.099,0.338,0.239,0.139,0.166,0.027,0.097,0.087,-0.01,0.111,0.239,0.128,0.122,0.225,0.103,0.186,0.106,-0.08,0.139,0.158,0.019,0.103,0.093,-0.01,0.129,0.161,0.032,0.129,0.055,-0.074,0.152,Imposter
Shridhar,0.051,0.094,0.043,0.101,0.178,0.077,0.098,0.114,0.016,0.096,0.352,0.256,0.102,0.194,0.092,0.157,0.083,-0.074,0.115,0.11,-0.005,0.107,0.102,-0.005,0.106,0.198,0.092,0.152,0.06,-0.092,0.124,Imposter
Shridhar,0.117,0.091,-0.026,0.115,0.135,0.02,0.098,0.079,-0.019,0.101,0.248,0.147,0.11,0.21,0.1,0.162,0.083,-0.079,0.125,0.168,0.043,0.107,0.098,-0.009,0.111,0.162,0.051,0.14,0.083,-0.057,0.107,Imposter
Abhishek,0.096,1.1,1.004,0.096,0.293,0.197,0.093,1.122,1.029,0.109,1.067,0.958,0.094,0.745,0.651,0.515,0.421,-0.094,0.125,0.406,0.281,0.141,0.36,0.219,0.14,0.265,0.125,0.11,0.297,0.187,0.125,Imposter
Abhishek,0.087,11.352,11.265,0.094,0.971,0.877,0.094,0.25,0.156,0.125,0.969,0.844,0.111,0.799,0.688,0.703,0.577,-0.126,0.141,0.803,0.662,0.14,0.366,0.226,0.145,0.285,0.14,0.125,0.334,0.209,0.157,Imposter
Abhishek,0.078,1.346,1.268,0.056,0.34,0.284,0.09,0.231,0.141,0.109,0.991,0.882,0.105,0.542,0.437,0.456,0.331,-0.125,0.14,0.311,0.171,0.141,0.422,0.281,0.125,0.532,0.407,0.109,1.033,0.924,0.125,Imposter
Abhishek,0.138,0.575,0.437,0.076,0.295,0.219,0.141,0.342,0.201,0.127,0.502,0.375,0.102,1.048,0.946,1.514,1.421,-0.093,0.171,0.423,0.252,0.109,0.519,0.41,0.149,0.289,0.14,0.125,0.464,0.339,0.141,Imposter
Abhishek,0.125,0.462,0.337,0.094,0.344,0.25,0.125,0.329,0.204,0.147,0.459,0.312,0.11,0.423,0.313,0.456,0.342,-0.114,0.145,0.395,0.25,0.125,0.283,0.158,0.111,0.271,0.16,0.106,0.419,0.313,0.14,Imposter
Abhishek,0.141,0.422,0.281,0.077,0.435,0.358,0.125,0.328,0.203,0.141,0.517,0.376,0.091,0.48,0.389,0.47,0.375,-0.095,0.126,0.366,0.24,0.125,0.312,0.187,0.11,0.266,0.156,0.12,0.307,0.187,0.172,Imposter
Abhishek,0.141,0.534,0.393,0.075,0.372,0.297,0.109,0.611,0.502,0.157,0.906,0.749,0.094,1.032,0.938,0.454,0.36,-0.094,0.141,0.265,0.124,0.125,0.422,0.297,0.129,0.426,0.297,0.094,0.399,0.305,0.145,Imposter
Abhishek,0.125,0.446,0.321,0.078,0.375,0.297,0.114,0.255,0.141,0.13,0.814,0.684,0.079,0.391,0.312,0.642,0.531,-0.111,0.127,0.33,0.203,0.125,0.219,0.094,0.156,0.874,0.718,0.125,1.084,0.959,0.141,Imposter
Abhishek,0.145,0.786,0.641,0.074,0.329,0.255,0.125,0.219,0.094,0.125,0.954,0.829,0.11,0.344,0.234,0.599,0.536,-0.063,0.079,0.329,0.25,0.093,0.265,0.172,0.158,0.298,0.14,0.125,0.297,0.172,0.172,Imposter
Abhishek,0.172,0.898,0.726,0.125,1.426,1.301,0.125,0.378,0.253,0.125,0.938,0.813,0.125,0.536,0.411,0.403,0.281,-0.122,0.169,0.341,0.172,0.132,0.257,0.125,0.125,0.282,0.157,0.109,0.257,0.148,0.143,Imposter
Abhishek,0.125,0.556,0.431,0.094,0.289,0.195,0.078,0.265,0.187,0.125,1.026,0.901,0.094,0.397,0.303,0.453,0.312,-0.141,0.141,0.313,0.172,0.109,0.282,0.173,0.11,0.255,0.145,0.125,0.25,0.125,0.157,Imposter
Abhishek,0.109,0.956,0.847,0.11,0.303,0.193,0.115,0.209,0.094,0.172,0.427,0.255,0.094,0.5,0.406,0.474,0.359,-0.115,0.122,0.294,0.172,0.125,0.411,0.286,0.141,0.256,0.115,0.109,0.271,0.162,0.156,Imposter
Abhishek,0.141,0.266,0.125,0.078,0.344,0.266,0.13,0.27,0.14,0.141,0.366,0.225,0.07,0.414,0.344,0.375,0.281,-0.094,0.125,0.313,0.188,0.131,0.366,0.235,0.109,0.25,0.141,0.109,0.25,0.141,0.172,Imposter
Abhishek,0.181,0.363,0.182,0.078,0.438,0.36,0.093,0.845,0.752,0.093,1.078,0.985,0.094,0.39,0.296,0.397,0.345,-0.052,0.067,0.319,0.252,0.125,0.361,0.236,0.117,0.249,0.132,0.13,0.317,0.187,0.156,Imposter
Abhishek,0.125,0.375,0.25,0.094,0.281,0.187,0.099,0.209,0.11,0.14,0.39,0.25,0.068,0.595,0.527,0.469,0.359,-0.11,0.126,0.282,0.156,0.172,0.677,0.505,0.149,0.271,0.122,0.125,0.405,0.28,0.125,Imposter
Abhishek,0.156,0.375,0.219,0.093,0.281,0.188,0.109,0.234,0.125,0.126,0.599,0.473,0.063,0.469,0.406,0.604,0.494,-0.11,0.11,0.291,0.181,0.125,0.351,0.226,0.078,0.625,0.547,0.119,0.297,0.178,0.141,Imposter
Abhishek,0.156,1.217,1.061,0.063,0.261,0.198,0.141,0.235,0.094,0.156,0.437,0.281,0.068,0.392,0.324,0.5,0.39,-0.11,0.125,0.297,0.172,0.125,0.381,0.256,0.11,0.328,0.218,0.141,0.417,0.276,0.115,Imposter
Abhishek,0.145,0.404,0.259,0.063,0.251,0.188,0.093,0.437,0.344,0.161,0.376,0.215,0.068,0.349,0.281,0.402,0.282,-0.12,0.152,0.332,0.18,0.106,0.231,0.125,0.157,0.266,0.109,0.125,0.25,0.125,0.172,Imposter
Abhishek,0.146,0.411,0.265,0.074,0.314,0.24,0.109,0.265,0.156,0.157,0.407,0.25,0.11,0.375,0.265,0.411,0.297,-0.114,0.146,0.302,0.156,0.105,0.371,0.266,0.109,0.297,0.188,0.125,0.281,0.156,0.155,Imposter
Abhishek,0.163,0.351,0.188,0.081,0.255,0.174,0.106,0.216,0.11,0.14,0.375,0.235,0.093,0.406,0.313,0.638,0.545,-0.093,0.109,0.312,0.203,0.094,0.287,0.193,0.094,0.25,0.156,0.12,0.214,0.094,0.156,Imposter
Abhishek,0.125,0.487,0.362,0.063,0.266,0.203,0.123,0.217,0.094,0.141,0.422,0.281,0.094,0.391,0.297,0.39,0.296,-0.094,0.125,0.304,0.179,0.109,0.266,0.157,0.125,0.258,0.133,0.109,0.25,0.141,0.152,Imposter
Abhishek,0.141,0.266,0.125,0.078,0.234,0.156,0.11,0.204,0.094,0.156,0.412,0.256,0.11,0.677,0.567,0.548,0.454,-0.094,0.126,0.266,0.14,0.11,0.215,0.105,0.125,0.234,0.109,0.094,0.235,0.141,0.141,Imposter
Abhishek,0.14,0.312,0.172,0.095,0.217,0.122,0.109,0.187,0.078,0.188,0.349,0.161,0.11,0.422,0.312,0.411,0.317,-0.094,0.11,0.26,0.15,0.125,0.177,0.052,0.14,0.203,0.063,0.134,0.259,0.125,0.141,Imposter
Abhishek,0.141,0.344,0.203,0.1,0.241,0.141,0.121,0.21,0.089,0.143,0.416,0.273,0.109,0.379,0.27,0.449,0.371,-0.078,0.094,0.266,0.172,0.109,0.25,0.141,0.109,0.219,0.11,0.062,0.172,0.11,0.14,Imposter
Rohan,0.074,0.195,0.121,0.111,0.273,0.162,0.094,0.175,0.081,0.071,1.625,1.554,0.062,1.036,0.974,0.522,0.435,-0.087,0.316,1.616,1.3,0.095,0.311,0.216,0.072,0.337,0.265,0.055,0.392,0.337,0.071,Imposter
Rohan,0.063,0.544,0.481,0.079,0.192,0.113,0.071,0.144,0.073,0.071,0.952,0.881,0.071,0.475,0.404,0.332,0.269,-0.063,0.291,0.48,0.189,0.071,0.248,0.177,0.063,0.184,0.121,0.071,0.272,0.201,0.078,Imposter
Rohan,0.062,0.911,0.849,0.111,0.28,0.169,0.079,0.248,0.169,0.071,1.041,0.97,0.07,0.723,0.653,0.395,0.316,-0.079,0.331,0.848,0.517,0.079,0.32,0.241,0.063,0.152,0.089,0.071,0.224,0.153,0.071,Imposter
Rohan,0.055,1.104,1.049,0.095,0.28,0.185,0.071,0.192,0.121,0.095,0.296,0.201,0.071,0.524,0.453,0.323,0.252,-0.071,0.299,0.521,0.222,0.07,0.183,0.113,0.071,0.2,0.129,0.063,0.296,0.233,0.071,Imposter
Rohan,0.071,1.232,1.161,0.087,0.208,0.121,0.071,0.144,0.073,0.079,0.232,0.153,0.063,0.505,0.442,0.326,0.247,-0.079,0.283,0.416,0.133,0.071,0.168,0.097,0.071,0.136,0.065,0.071,0.216,0.145,0.071,Imposter
Rohan,0.063,0.432,0.369,0.095,0.168,0.073,0.071,0.136,0.065,0.079,0.28,0.201,0.087,0.455,0.368,0.312,0.241,-0.071,0.243,0.36,0.117,0.063,0.16,0.097,0.055,0.12,0.065,0.063,0.2,0.137,0.07,Imposter
Rohan,0.103,0.264,0.161,0.111,0.488,0.377,0.103,0.192,0.089,0.079,0.728,0.649,0.095,0.558,0.463,0.417,0.314,-0.103,0.387,0.856,0.469,0.087,0.176,0.089,0.071,0.176,0.105,0.079,0.272,0.193,0.079,Imposter
Rohan,0.087,0.345,0.258,0.11,0.24,0.13,0.087,0.16,0.073,0.087,0.808,0.721,0.127,0.72,0.593,0.367,0.264,-0.103,0.323,0.496,0.173,0.071,0.176,0.105,0.063,0.135,0.072,0.072,0.241,0.169,0.079,Imposter
Rohan,0.078,0.384,0.306,0.11,0.248,0.138,0.086,0.159,0.073,0.103,0.305,0.202,0.086,0.483,0.397,0.355,0.261,-0.094,0.299,0.64,0.341,0.086,0.167,0.081,0.071,0.16,0.089,0.079,0.289,0.21,0.078,Imposter
Rohan,0.062,0.398,0.336,0.127,0.336,0.209,0.087,0.161,0.074,0.094,0.607,0.513,0.095,0.546,0.451,0.318,0.223,-0.095,0.306,0.567,0.261,0.079,0.152,0.073,0.071,0.2,0.129,0.071,0.257,0.186,0.078,Imposter
Rohan,0.039,0.352,0.313,0.143,0.216,0.073,0.071,0.152,0.081,0.103,0.28,0.177,0.079,0.441,0.362,0.326,0.247,-0.079,0.315,0.56,0.245,0.087,0.152,0.065,0.055,0.12,0.065,0.079,0.232,0.153,0.063,Imposter
Rohan,0.071,0.271,0.2,0.088,0.193,0.105,0.079,0.136,0.057,0.079,0.304,0.225,0.095,0.465,0.37,0.302,0.231,-0.071,0.299,0.488,0.189,0.071,0.152,0.081,0.063,0.16,0.097,0.063,0.24,0.177,0.087,Imposter
Rohan,0.063,0.303,0.24,0.135,0.241,0.106,0.087,0.136,0.049,0.079,0.288,0.209,0.103,0.498,0.395,0.332,0.237,-0.095,0.276,0.409,0.133,0.071,0.152,0.081,0.063,0.112,0.049,0.071,0.224,0.153,0.079,Imposter
Rohan,0.087,4.48,4.393,0.095,0.199,0.104,0.08,0.144,0.064,0.088,0.401,0.313,0.087,0.73,0.643,0.325,0.23,-0.095,0.322,0.655,0.333,0.096,0.193,0.097,0.062,0.167,0.105,0.063,0.24,0.177,0.087,Imposter
Rohan,0.055,0.616,0.561,0.095,0.168,0.073,0.087,0.184,0.097,0.079,0.384,0.305,0.087,0.46,0.373,0.459,0.356,-0.103,0.323,0.608,0.285,0.079,0.176,0.097,0.071,0.136,0.065,0.079,0.224,0.145,0.071,Imposter
Rohan,0.047,0.344,0.297,0.111,0.208,0.097,0.071,0.208,0.137,0.071,0.272,0.201,0.071,0.448,0.377,0.335,0.264,-0.071,0.291,0.648,0.357,0.063,0.12,0.057,0.063,0.136,0.073,0.063,0.216,0.153,0.063,Imposter
Rohan,0.047,0.264,0.217,0.119,0.176,0.057,0.079,0.16,0.081,0.071,0.272,0.201,0.071,0.474,0.403,0.309,0.23,-0.079,0.299,0.423,0.124,0.063,0.153,0.09,0.063,0.103,0.04,0.064,0.241,0.177,0.063,Imposter
Rohan,0.03,0.711,0.681,0.072,0.161,0.089,0.063,0.208,0.145,0.071,0.704,0.633,0.094,0.67,0.576,0.296,0.218,-0.078,0.291,0.4,0.109,0.078,0.175,0.097,0.055,0.112,0.057,0.064,0.256,0.192,0.055,Imposter
Rohan,0.031,0.408,0.377,0.103,0.144,0.041,0.071,0.128,0.057,0.096,0.312,0.216,0.087,0.719,0.632,0.417,0.315,-0.102,0.314,0.487,0.173,0.087,0.216,0.129,0.086,0.144,0.058,0.047,0.592,0.545,0.055,Imposter
Rohan,0.063,0.312,0.249,0.095,0.201,0.106,0.087,0.167,0.08,0.072,0.329,0.257,0.071,0.464,0.393,0.295,0.207,-0.088,0.284,0.416,0.132,0.071,0.177,0.106,0.054,0.112,0.058,0.063,0.239,0.176,0.079,Imposter
Rohan,0.078,0.575,0.497,0.087,0.176,0.089,0.071,0.152,0.081,0.079,0.752,0.673,0.079,1.272,1.193,0.463,0.392,-0.071,0.275,0.68,0.405,0.071,0.152,0.081,0.063,0.136,0.073,0.071,0.24,0.169,0.079,Imposter
Rohan,0.071,0.36,0.289,0.103,0.207,0.104,0.088,0.145,0.057,0.071,0.928,0.857,0.079,0.619,0.54,0.324,0.269,-0.055,0.267,0.568,0.301,0.087,0.192,0.105,0.071,0.112,0.041,0.071,0.256,0.185,0.079,Imposter
Rohan,0.079,0.72,0.641,0.111,0.199,0.088,0.072,0.12,0.048,0.079,0.689,0.61,0.071,0.678,0.607,0.384,0.313,-0.071,0.316,0.577,0.261,0.079,0.136,0.057,0.063,0.104,0.041,0.071,0.24,0.169,0.079,Imposter
Rohan,0.063,0.48,0.417,0.095,0.6,0.505,0.087,0.16,0.073,0.079,0.248,0.169,0.063,0.506,0.443,0.341,0.27,-0.071,0.291,0.536,0.245,0.079,0.135,0.056,0.056,0.121,0.065,0.071,0.287,0.216,0.072,Imposter
Rohan,0.054,0.248,0.194,0.094,0.24,0.146,0.062,0.183,0.121,0.072,0.329,0.257,0.063,0.476,0.413,0.315,0.252,-0.063,0.283,0.847,0.564,0.079,0.16,0.081,0.056,0.104,0.048,0.055,0.264,0.209,0.063,Imposter
Rutvik,0.049,0.2,0.151,0.098,0.127,0.029,0.067,0.148,0.081,0.102,0.261,0.159,0.072,0.128,0.056,0.259,0.2,-0.059,0.119,0.176,0.057,0.068,0.129,0.061,0.072,0.15,0.078,0.056,0.252,0.196,0.063,Imposter
Rutvik,0.059,0.222,0.163,0.092,0.127,0.035,0.067,0.114,0.047,0.095,0.225,0.13,0.064,0.131,0.067,0.288,0.176,-0.112,0.128,0.132,0.004,0.06,0.149,0.089,0.073,0.119,0.046,0.059,0.279,0.22,0.064,Imposter
Rutvik,0.072,0.178,0.106,0.136,0.173,0.037,0.064,0.132,0.068,0.095,0.266,0.171,0.059,0.12,0.061,0.281,0.176,-0.105,0.105,0.172,0.067,0.065,0.148,0.083,0.06,0.14,0.08,0.059,0.3,0.241,0.063,Imposter
Rutvik,0.059,0.341,0.282,0.099,0.13,0.031,0.068,0.114,0.046,0.087,0.256,0.169,0.059,0.099,0.04,0.3,0.196,-0.104,0.117,0.146,0.029,0.067,0.143,0.076,0.068,0.159,0.091,0.064,0.334,0.27,0.064,Imposter
Rutvik,0.08,0.295,0.215,0.1,0.121,0.021,0.071,0.12,0.049,0.092,0.256,0.164,0.055,0.09,0.035,0.349,0.217,-0.132,0.136,0.163,0.027,0.076,0.147,0.071,0.06,0.14,0.08,0.064,0.376,0.312,0.068,Imposter
Rutvik,0.081,0.271,0.19,0.094,0.124,0.03,0.073,0.13,0.057,0.072,0.246,0.174,0.071,0.104,0.033,0.301,0.177,-0.124,0.124,0.172,0.048,0.064,0.12,0.056,0.082,0.162,0.08,0.06,0.399,0.339,0.064,Imposter
Rutvik,0.072,0.197,0.125,0.116,0.15,0.034,0.068,0.121,0.053,0.076,0.24,0.164,0.064,0.142,0.078,0.249,0.146,-0.103,0.115,0.131,0.016,0.06,0.167,0.107,0.064,0.127,0.063,0.06,0.413,0.353,0.063,Imposter
Rutvik,0.075,0.308,0.233,0.095,0.13,0.035,0.072,0.102,0.03,0.099,0.249,0.15,0.072,0.137,0.065,0.232,0.165,-0.067,0.096,0.147,0.051,0.067,0.143,0.076,0.064,0.159,0.095,0.063,0.361,0.298,0.063,Imposter
Rutvik,0.079,0.252,0.173,0.096,0.121,0.025,0.069,0.132,0.063,0.096,0.211,0.115,0.07,0.141,0.071,0.34,0.265,-0.075,0.1,0.143,0.043,0.072,0.131,0.059,0.071,0.154,0.083,0.063,0.357,0.294,0.071,Imposter
Rutvik,0.072,0.265,0.193,0.111,0.131,0.02,0.071,0.109,0.038,0.075,0.265,0.19,0.064,0.155,0.091,0.212,0.109,-0.103,0.107,0.164,0.057,0.067,0.126,0.059,0.08,0.152,0.072,0.067,0.399,0.332,0.072,Imposter
Rutvik,0.075,0.293,0.218,0.111,0.164,0.053,0.076,0.114,0.038,0.1,0.292,0.192,0.071,0.16,0.089,0.28,0.145,-0.135,0.142,0.143,0.001,0.064,0.164,0.1,0.075,0.147,0.072,0.06,0.35,0.29,0.069,Imposter
Rutvik,0.075,0.289,0.214,0.108,0.157,0.049,0.075,0.127,0.052,0.132,0.271,0.139,0.07,0.147,0.077,0.281,0.185,-0.096,0.096,0.128,0.032,0.064,0.148,0.084,0.083,0.139,0.056,0.064,0.352,0.288,0.071,Imposter
Rutvik,0.071,0.328,0.257,0.096,0.144,0.048,0.08,0.125,0.045,0.136,0.243,0.107,0.071,0.165,0.094,0.276,0.173,-0.103,0.112,0.126,0.014,0.072,0.164,0.092,0.077,0.116,0.039,0.067,0.35,0.283,0.068,Imposter
Rutvik,0.084,0.293,0.209,0.112,0.156,0.044,0.075,0.125,0.05,0.132,0.248,0.116,0.063,0.189,0.126,0.28,0.173,-0.107,0.111,0.116,0.005,0.069,0.189,0.12,0.074,0.149,0.075,0.063,0.398,0.335,0.067,Imposter
Sushmit,0.092,0.149,0.057,0.119,0.255,0.136,0.128,0.193,0.065,0.126,0.263,0.137,0.088,0.265,0.177,0.278,0.176,-0.102,0.167,0.952,0.785,0.143,0.32,0.177,0.127,0.16,0.033,0.111,0.216,0.105,0.126,Imposter
Sushmit,0.095,0.241,0.146,0.103,0.136,0.033,0.126,0.295,0.169,0.127,0.328,0.201,0.095,0.631,0.536,0.352,0.225,-0.127,0.199,0.568,0.369,0.223,0.376,0.153,0.127,0.281,0.154,0.11,0.247,0.137,0.151,Imposter
Sushmit,0.103,0.288,0.185,0.111,0.152,0.041,0.111,0.24,0.129,0.127,0.656,0.529,0.111,0.655,0.544,0.512,0.417,-0.095,0.199,0.376,0.177,0.103,0.208,0.105,0.119,0.176,0.057,0.079,0.232,0.153,0.127,Imposter
Sushmit,0.103,0.465,0.362,0.111,0.224,0.113,0.15,0.232,0.082,0.119,0.424,0.305,0.103,0.263,0.16,0.272,0.161,-0.111,0.159,0.416,0.257,0.095,0.232,0.137,0.143,0.216,0.073,0.103,0.272,0.169,0.119,Imposter
Sushmit,0.079,0.416,0.337,0.103,0.208,0.105,0.103,0.224,0.121,0.119,0.424,0.305,0.087,0.207,0.12,0.312,0.226,-0.086,0.198,0.511,0.313,0.127,0.224,0.097,0.119,0.2,0.081,0.111,0.224,0.113,0.127,Imposter
Sushmit,0.111,0.439,0.328,0.112,0.21,0.098,0.126,0.199,0.073,0.119,1.16,1.041,0.103,0.495,0.392,0.544,0.417,-0.127,0.199,0.28,0.081,0.124,0.224,0.1,0.111,0.168,0.057,0.127,0.592,0.465,0.127,Imposter
Sushmit,0.12,0.457,0.337,0.127,0.224,0.097,0.151,0.391,0.24,0.144,0.513,0.369,0.103,0.375,0.272,0.32,0.225,-0.095,0.159,0.416,0.257,0.111,0.2,0.089,0.119,0.152,0.033,0.111,0.319,0.208,0.128,Imposter
Sushmit,0.136,0.305,0.169,0.111,0.239,0.128,0.151,0.24,0.089,0.12,0.376,0.256,0.135,0.239,0.104,0.24,0.13,-0.11,0.206,0.399,0.193,0.135,0.184,0.049,0.151,0.184,0.033,0.111,0.28,0.169,0.135,Imposter
Sushmit,0.127,0.432,0.305,0.111,0.176,0.065,0.143,0.312,0.169,0.095,0.44,0.345,0.096,0.24,0.144,0.503,0.368,-0.135,0.199,0.313,0.114,0.126,0.175,0.049,0.159,0.168,0.009,0.119,0.28,0.161,0.151,Imposter
Sushmit,0.111,0.32,0.209,0.103,0.2,0.097,0.127,0.2,0.073,0.127,0.536,0.409,0.111,0.223,0.112,0.304,0.201,-0.103,0.223,0.424,0.201,0.095,0.208,0.113,0.151,0.184,0.033,0.079,0.248,0.169,0.111,Imposter
Sushmit,0.135,0.296,0.161,0.127,0.183,0.056,0.136,0.169,0.033,0.119,0.688,0.569,0.119,0.191,0.072,0.288,0.177,-0.111,0.215,0.456,0.241,0.119,0.2,0.081,0.135,0.176,0.041,0.095,0.256,0.161,0.119,Imposter
Sushmit,0.135,0.32,0.185,0.102,0.16,0.058,0.143,0.16,0.017,0.127,0.399,0.272,0.112,0.264,0.152,0.288,0.177,-0.111,0.175,0.4,0.225,0.103,0.2,0.097,0.143,0.16,0.017,0.086,0.256,0.17,0.119,Imposter
Sushmit,0.134,0.328,0.194,0.127,0.2,0.073,0.143,0.184,0.041,0.102,0.424,0.322,0.119,0.183,0.064,0.256,0.153,-0.103,0.167,0.424,0.257,0.118,0.183,0.065,0.128,0.153,0.025,0.095,0.248,0.153,0.119,Imposter
Sushmit,0.142,0.392,0.25,0.095,0.159,0.064,0.103,0.144,0.041,0.103,0.353,0.25,0.086,0.199,0.113,0.24,0.145,-0.095,0.158,0.359,0.201,0.12,0.193,0.073,0.135,0.168,0.033,0.102,0.28,0.178,0.135,Imposter
Sushmit,0.12,0.28,0.16,0.111,0.2,0.089,0.103,0.208,0.105,0.127,0.297,0.17,0.087,0.175,0.088,0.191,0.112,-0.079,0.111,0.353,0.242,0.158,0.207,0.049,0.143,0.224,0.081,0.103,0.224,0.121,0.151,Imposter
Sushmit,0.111,0.336,0.225,0.095,0.152,0.057,0.095,0.208,0.113,0.119,0.664,0.545,0.103,0.135,0.032,0.248,0.161,-0.087,0.127,0.32,0.193,0.127,0.176,0.049,0.151,0.16,0.009,0.111,0.256,0.145,0.119,Imposter
Sushmit,0.119,0.329,0.21,0.126,0.168,0.042,0.095,0.24,0.145,0.135,0.376,0.241,0.087,0.223,0.136,0.223,0.129,-0.094,0.19,0.328,0.138,0.127,0.16,0.033,0.119,0.168,0.049,0.103,0.279,0.176,0.12,Imposter
Sushmit,0.134,0.383,0.249,0.127,0.208,0.081,0.111,0.176,0.065,0.111,0.344,0.233,0.087,0.167,0.08,0.232,0.137,-0.095,0.119,0.344,0.225,0.119,0.185,0.066,0.118,0.175,0.057,0.087,0.24,0.153,0.111,Imposter
Sushmit,0.134,0.399,0.265,0.103,0.136,0.033,0.127,0.192,0.065,0.119,0.36,0.241,0.095,0.143,0.048,0.232,0.145,-0.087,0.151,0.36,0.209,0.119,0.176,0.057,0.127,0.24,0.113,0.095,0.24,0.145,0.119,Imposter
Sushmit,0.127,0.28,0.153,0.103,0.168,0.065,0.087,0.28,0.193,0.103,0.344,0.241,0.095,0.167,0.072,0.256,0.169,-0.087,0.167,0.352,0.185,0.119,0.184,0.065,0.135,0.192,0.057,0.103,0.232,0.129,0.119,Imposter
Sushmit,0.103,0.424,0.321,0.111,0.177,0.066,0.109,0.142,0.033,0.137,0.361,0.224,0.087,0.255,0.168,0.264,0.177,-0.087,0.191,0.352,0.161,0.111,0.176,0.065,0.127,0.184,0.057,0.079,0.216,0.137,0.095,Imposter
Sushmit,0.103,0.416,0.313,0.103,0.176,0.073,0.119,0.656,0.537,0.143,1.504,1.361,0.095,0.655,0.56,0.432,0.297,-0.135,0.199,0.296,0.097,0.134,0.152,0.018,0.151,0.192,0.041,0.095,0.24,0.145,0.095,Imposter
Sushmit,0.16,0.385,0.225,0.111,0.144,0.033,0.143,0.184,0.041,0.135,0.784,0.649,0.087,0.247,0.16,0.312,0.201,-0.111,0.215,0.488,0.273,0.119,0.208,0.089,0.103,0.24,0.137,0.087,0.232,0.145,0.103,Imposter
Sushmit,0.127,0.417,0.29,0.109,0.167,0.058,0.119,0.224,0.105,0.127,0.351,0.224,0.096,0.176,0.08,0.272,0.169,-0.103,0.199,0.448,0.249,0.135,0.168,0.033,0.127,0.168,0.041,0.111,0.248,0.137,0.111,Imposter
Sushmit,0.103,0.56,0.457,0.102,0.183,0.081,0.143,0.209,0.066,0.127,0.632,0.505,0.086,0.191,0.105,0.256,0.161,-0.095,0.223,0.384,0.161,0.127,0.184,0.057,0.135,0.168,0.033,0.086,0.248,0.162,0.111,Imposter
Tarang,0.09,2.59,2.5,0.155,0.214,0.059,0.063,1.247,1.184,0.128,1.357,1.229,0.143,0.789,0.646,1.079,0.92,-0.159,0.375,1.146,0.771,0.119,0.487,0.368,0.155,0.409,0.254,0.099,0.234,0.135,0.199,Imposter
Tarang,0.123,1.436,1.313,0.107,0.171,0.064,0.099,0.562,0.463,0.107,2.255,2.148,0.127,0.589,0.462,0.485,0.353,-0.132,0.307,0.578,0.271,0.143,0.171,0.028,0.175,0.652,0.477,0.091,0.23,0.139,0.127,Imposter
Tarang,0.086,1.088,1.002,0.13,0.521,0.391,0.095,1.15,1.055,0.091,0.66,0.569,0.107,0.825,0.718,0.808,0.705,-0.103,0.195,0.328,0.133,0.111,0.483,0.372,0.15,1.026,0.876,0.179,0.188,0.009,0.144,Imposter
Tarang,0.107,0.563,0.456,0.127,0.161,0.034,0.099,0.607,0.508,0.079,0.676,0.597,0.123,0.908,0.785,0.512,0.425,-0.087,0.255,0.466,0.211,0.111,0.352,0.241,0.107,0.216,0.109,0.087,0.272,0.185,0.095,Imposter
Tarang,0.075,0.757,0.682,0.123,0.426,0.303,0.099,0.379,0.28,0.127,1.342,1.215,0.111,0.832,0.721,0.748,0.677,-0.071,0.139,0.591,0.452,0.107,0.695,0.588,0.095,0.489,0.394,0.131,0.439,0.308,0.059,Imposter
Tarang,0.107,0.63,0.523,0.139,0.273,0.134,0.095,0.408,0.313,0.132,0.841,0.709,0.171,0.854,0.683,0.692,0.589,-0.103,0.195,0.269,0.074,0.123,0.309,0.186,0.143,0.274,0.131,0.087,0.32,0.233,0.111,Imposter
Tarang,0.083,0.641,0.558,0.115,0.193,0.078,0.111,0.378,0.267,0.091,0.891,0.8,0.119,0.824,0.705,0.587,0.489,-0.098,0.187,0.279,0.092,0.087,0.249,0.162,0.143,0.268,0.125,0.091,0.346,0.255,0.099,Imposter
Tarang,0.104,0.698,0.594,0.127,0.136,0.009,0.131,1.657,1.526,0.155,0.553,0.398,0.143,1.464,1.321,0.655,0.513,-0.142,0.331,1.445,1.114,0.119,0.555,0.436,0.139,0.874,0.735,0.123,0.326,0.203,0.104,Imposter
Tarang,0.142,0.802,0.66,0.154,0.249,0.095,0.126,1.241,1.115,0.191,1.126,0.935,0.166,1.299,1.133,0.964,0.861,-0.103,0.267,1.01,0.743,0.111,0.428,0.317,0.111,0.218,0.107,0.087,0.496,0.409,0.107,Imposter
Tarang,0.098,0.628,0.53,0.127,0.208,0.081,0.131,1.934,1.803,0.134,0.713,0.579,0.098,0.556,0.458,0.283,0.221,-0.062,0.094,0.616,0.522,0.141,0.648,0.507,0.146,0.252,0.106,0.086,0.219,0.133,0.142,Imposter
Tarang,0.094,0.522,0.428,0.114,0.178,0.064,0.135,0.274,0.139,0.17,1.728,1.558,0.146,0.695,0.549,0.284,0.233,-0.051,0.055,0.506,0.451,0.103,0.305,0.202,0.17,0.274,0.104,0.095,0.35,0.255,0.111,Imposter
Tarang,0.087,0.602,0.515,0.131,0.351,0.22,0.119,0.209,0.09,0.191,1.906,1.715,0.155,0.868,0.713,0.664,0.561,-0.103,0.183,0.288,0.105,0.119,0.249,0.13,0.167,0.234,0.067,0.075,0.189,0.114,0.155,Imposter
Tarang,0.075,0.549,0.474,0.147,1.049,0.902,0.123,0.496,0.373,0.135,1.468,1.333,0.143,0.622,0.479,0.428,0.345,-0.083,0.191,0.73,0.539,0.127,0.472,0.345,0.139,0.128,-0.011,0.111,0.256,0.145,0.095,Imposter
Tarang,0.115,0.481,0.366,0.135,1.033,0.898,0.107,0.673,0.566,0.127,1.223,1.096,0.152,0.682,0.53,0.732,0.641,-0.091,0.179,0.589,0.41,0.115,0.32,0.205,0.143,0.173,0.03,0.103,0.352,0.249,0.119,Imposter
Tarang,0.107,0.528,0.421,0.157,0.204,0.047,0.143,0.32,0.177,0.175,1.138,0.963,0.143,0.736,0.593,0.447,0.357,-0.09,0.147,0.859,0.712,0.119,0.512,0.393,0.126,0.223,0.097,0.071,0.322,0.251,0.107,Imposter
Tarang,0.07,0.695,0.625,0.13,0.935,0.805,0.102,0.224,0.122,0.126,0.676,0.55,0.186,0.905,0.719,0.632,0.49,-0.142,0.258,0.421,0.163,0.123,0.568,0.445,0.142,0.261,0.119,0.079,0.244,0.165,0.11,Imposter
Tarang,0.107,0.471,0.364,0.123,0.224,0.101,0.17,0.243,0.073,0.195,1.235,1.04,0.155,0.649,0.494,0.676,0.549,-0.127,0.227,0.696,0.469,0.119,0.249,0.13,0.164,0.16,-0.004,0.087,0.242,0.155,0.115,Imposter
Tarang,0.111,1.121,1.01,0.171,2.077,1.906,0.143,0.541,0.398,0.163,1.616,1.453,0.183,1.006,0.823,0.908,0.785,-0.123,0.227,0.573,0.346,0.131,0.319,0.188,0.163,0.193,0.03,0.131,0.635,0.504,0.147,Imposter
Tarang,0.107,0.445,0.338,0.119,0.194,0.075,0.123,0.793,0.67,0.119,1.257,1.138,0.139,0.761,0.622,0.684,0.577,-0.107,0.207,0.432,0.225,0.119,0.274,0.155,0.143,0.178,0.035,0.107,0.263,0.156,0.135,Imposter
Tarang,0.123,0.623,0.5,0.143,0.552,0.409,0.107,0.658,0.551,0.123,0.915,0.792,0.159,0.86,0.701,0.676,0.573,-0.103,0.223,0.426,0.203,0.103,0.299,0.196,0.135,0.171,0.036,0.091,0.228,0.137,0.102,Imposter
Tarang,0.111,0.583,0.472,0.147,0.821,0.674,0.087,0.349,0.262,0.147,1.183,1.036,0.135,0.682,0.547,0.491,0.357,-0.134,0.178,0.377,0.199,0.118,0.242,0.124,0.143,0.204,0.061,0.09,0.402,0.312,0.114,Imposter
Tarang,0.13,0.528,0.398,0.154,0.243,0.089,0.146,0.83,0.684,0.174,1.473,1.299,0.147,1.029,0.882,0.664,0.573,-0.091,0.183,0.249,0.066,0.139,0.305,0.166,0.163,0.168,0.005,0.091,0.285,0.194,0.111,Imposter
Tarang,0.127,0.537,0.41,0.105,0.187,0.082,0.099,0.584,0.485,0.167,1.079,0.912,0.103,0.735,0.632,0.656,0.549,-0.107,0.195,0.427,0.232,0.127,0.218,0.091,0.159,0.176,0.017,0.083,0.257,0.174,0.115,Imposter
Tarang,0.111,0.431,0.32,0.111,0.161,0.05,0.115,0.225,0.11,0.163,1.206,1.043,0.152,0.754,0.602,0.504,0.413,-0.091,0.171,0.347,0.176,0.099,0.885,0.786,0.143,0.156,0.013,0.079,0.252,0.173,0.115,Imposter
Tarang,0.099,0.516,0.417,0.147,0.18,0.033,0.111,1.029,0.918,0.119,0.417,0.298,0.135,0.593,0.458,0.572,0.453,-0.119,0.183,0.37,0.187,0.119,0.198,0.079,0.171,0.188,0.017,0.091,0.408,0.317,0.131,Imposter
Tarang,0.111,0.452,0.341,0.123,0.16,0.037,0.111,0.232,0.121,0.139,2.412,2.273,0.083,0.755,0.672,0.432,0.317,-0.115,0.171,0.28,0.109,0.099,0.186,0.087,0.219,0.212,-0.007,0.096,0.269,0.173,0.103,Imposter
Tarang,0.115,0.404,0.289,0.127,0.192,0.065,0.103,0.26,0.157,0.131,0.688,0.557,0.155,0.798,0.643,0.484,0.381,-0.103,0.135,0.271,0.136,0.123,0.207,0.084,0.171,0.168,-0.003,0.087,0.199,0.112,0.099,Imposter
Tarang,0.119,0.457,0.338,0.136,0.201,0.065,0.099,0.244,0.145,0.135,0.564,0.429,0.075,0.724,0.649,0.575,0.473,-0.102,0.17,0.227,0.057,0.094,0.207,0.113,0.15,0.168,0.018,0.091,0.217,0.126,0.094,Imposter
Tarang,0.124,0.659,0.535,0.134,0.267,0.133,0.102,1.005,0.903,0.143,1.26,1.117,0.123,1.207,1.084,0.684,0.561,-0.123,0.279,0.983,0.704,0.115,0.342,0.227,0.163,0.184,0.021,0.103,0.28,0.177,0.099,Imposter
Tarang,0.114,0.597,0.483,0.127,0.234,0.107,0.071,0.529,0.458,0.123,1.254,1.131,0.127,0.92,0.793,0.648,0.529,-0.119,0.187,0.396,0.209,0.111,0.211,0.1,0.159,0.226,0.067,0.099,0.306,0.207,0.111,Imposter
Tarang,0.139,0.741,0.602,0.171,1.143,0.972,0.107,0.289,0.182,0.127,0.62,0.493,0.139,0.86,0.721,0.568,0.485,-0.083,0.147,0.297,0.15,0.103,0.246,0.143,0.207,0.27,0.063,0.091,0.276,0.185,0.091,Imposter
Tarang,0.123,0.555,0.432,0.179,0.871,0.692,0.079,0.317,0.238,0.127,0.566,0.439,0.135,0.755,0.62,0.737,0.637,-0.1,0.183,0.359,0.176,0.123,0.286,0.163,0.151,0.267,0.116,0.103,0.47,0.367,0.031,Imposter
Tarang,0.119,0.447,0.328,0.151,0.198,0.047,0.099,0.346,0.247,0.167,1.304,1.137,0.163,0.792,0.629,0.568,0.462,-0.106,0.219,1.19,0.971,0.118,0.671,0.553,0.107,0.157,0.05,0.107,0.271,0.164,0.106,Imposter
Tejas C,0.047,1.569,1.522,0.103,0.127,0.024,0.096,0.112,0.016,0.159,2.256,2.097,0.111,1.072,0.961,0.295,0.169,-0.126,0.135,1.607,1.472,0.119,0.152,0.033,0.127,0.216,0.089,0.063,0.36,0.297,0.087,Imposter
Tejas C,0.055,0.192,0.137,0.119,0.136,0.017,0.119,0.112,-0.007,0.151,2,1.849,0.111,0.303,0.192,0.216,0.113,-0.103,0.135,0.328,0.193,0.111,0.12,0.009,0.167,0.192,0.025,0.071,2.224,2.153,0.087,Imposter
Tejas C,0.087,0.672,0.585,0.119,0.144,0.025,0.095,0.104,0.009,0.159,1.648,1.489,0.111,0.143,0.032,0.224,0.121,-0.103,0.127,0.288,0.161,0.111,0.104,-0.007,0.159,0.176,0.017,0.079,0.216,0.137,0.095,Imposter
Tejas C,0.119,1.144,1.025,0.095,0.144,0.049,0.095,1.023,0.928,0.128,0.497,0.369,0.127,0.263,0.136,0.232,0.12,-0.112,0.144,0.288,0.144,0.111,0.104,-0.007,0.136,0.113,-0.023,0.071,0.184,0.113,0.111,Imposter
Tejas C,0.095,0.271,0.176,0.144,0.16,0.016,0.087,0.121,0.034,0.151,0.72,0.569,0.118,0.199,0.081,0.199,0.105,-0.094,0.142,0.279,0.137,0.103,0.112,0.009,0.175,0.137,-0.038,0.07,0.183,0.113,0.074,Imposter
Tejas C,0.087,0.208,0.121,0.095,0.416,0.321,0.119,0.192,0.073,0.143,0.744,0.601,0.135,0.231,0.096,0.2,0.121,-0.079,0.119,0.24,0.121,0.095,0.112,0.017,0.143,0.12,-0.023,0.063,0.16,0.097,0.079,Imposter
Tejas C,0.087,0.176,0.089,0.111,0.16,0.049,0.087,0.128,0.041,0.143,0.344,0.201,0.031,0.687,0.656,0.216,0.177,-0.039,0.135,0.216,0.081,0.095,0.112,0.017,0.151,0.112,-0.039,0.047,0.152,0.105,0.079,Imposter
Tejas C,0.071,0.416,0.345,0.111,0.136,0.025,0.087,0.104,0.017,0.159,0.6,0.441,0.111,0.223,0.112,0.168,0.073,-0.095,0.127,0.28,0.153,0.095,0.12,0.025,0.159,0.144,-0.015,0.055,0.159,0.104,0.064,Imposter
Tejas C,0.071,0.191,0.12,0.136,0.227,0.091,0.093,0.118,0.025,0.143,0.392,0.249,0.119,0.207,0.088,0.208,0.121,-0.087,0.119,0.272,0.153,0.087,0.096,0.009,0.151,0.136,-0.015,0.063,0.184,0.121,0.071,Imposter
Tejas C,0.103,0.479,0.376,0.136,0.16,0.024,0.104,0.121,0.017,0.175,0.344,0.169,0.119,0.159,0.04,0.208,0.137,-0.071,0.127,0.232,0.105,0.103,0.096,-0.007,0.167,0.16,-0.007,0.031,0.152,0.121,0.087,Imposter
Tejas C,0.079,0.28,0.201,0.119,0.264,0.145,0.103,1.344,1.241,0.151,0.56,0.409,0.119,0.247,0.128,0.216,0.105,-0.111,0.127,0.256,0.129,0.103,0.088,-0.015,0.167,0.144,-0.023,0.079,0.176,0.097,0.079,Imposter
Tejas C,0.079,0.296,0.217,0.151,0.175,0.024,0.088,0.097,0.009,0.182,0.856,0.674,0.118,0.231,0.113,0.201,0.105,-0.096,0.127,0.271,0.144,0.088,0.097,0.009,0.15,0.16,0.01,0.07,0.2,0.13,0.062,Imposter
Tejas C,0.094,0.199,0.105,0.135,0.168,0.033,0.071,0.128,0.057,0.159,0.336,0.177,0.136,0.135,-0.001,0.248,0.161,-0.087,0.143,0.264,0.121,0.088,0.072,-0.016,0.159,0.145,-0.014,0.078,0.167,0.089,0.087,Imposter
Tejas C,0.071,0.447,0.376,0.104,1.145,1.041,0.079,0.096,0.017,0.159,0.592,0.433,0.111,0.255,0.144,0.232,0.089,-0.143,0.151,0.328,0.177,0.103,0.112,0.009,0.143,0.12,-0.023,0.078,0.176,0.098,0.087,Imposter
Tejas C,0.07,0.207,0.137,0.16,0.257,0.097,0.111,0.127,0.016,0.192,0.656,0.464,0.095,0.224,0.129,0.2,0.089,-0.111,0.135,0.264,0.129,0.086,0.064,-0.022,0.158,0.16,0.002,0.063,0.159,0.096,0.063,Imposter
Tejas C,0.087,0.264,0.177,0.119,0.152,0.033,0.087,0.136,0.049,0.177,0.36,0.183,0.119,0.167,0.048,0.28,0.185,-0.095,0.135,0.28,0.145,0.087,0.096,0.009,0.127,0.144,0.017,0.071,0.176,0.105,0.079,Imposter
Tejas C,0.071,0.232,0.161,0.111,0.16,0.049,0.071,0.127,0.056,0.176,0.497,0.321,0.095,0.175,0.08,0.272,0.145,-0.127,0.135,0.336,0.201,0.095,0.104,0.009,0.159,0.12,-0.039,0.087,0.2,0.113,0.055,Imposter
Tejas C,0.055,1.408,1.353,0.103,0.136,0.033,0.079,0.104,0.025,0.175,0.712,0.537,0.119,0.191,0.072,0.2,0.081,-0.119,0.135,0.272,0.137,0.087,0.08,-0.007,0.151,0.144,-0.007,0.087,0.2,0.113,0.063,Imposter
Tejas C,0.095,0.184,0.089,0.127,0.152,0.025,0.079,0.087,0.008,0.176,0.953,0.777,0.135,0.303,0.168,0.176,0.081,-0.095,0.151,0.312,0.161,0.095,0.104,0.009,0.151,0.144,-0.007,0.079,0.168,0.089,0.079,Imposter
Tejas C,0.087,0.208,0.121,0.126,0.16,0.034,0.095,0.112,0.017,0.175,0.776,0.601,0.143,0.527,0.384,0.296,0.185,-0.111,0.151,0.28,0.129,0.079,0.096,0.017,0.151,0.128,-0.023,0.079,0.176,0.097,0.063,Imposter
Tejas C,0.102,0.232,0.13,0.151,0.168,0.017,0.095,0.104,0.009,0.143,0.28,0.137,0.151,0.175,0.024,0.28,0.168,-0.112,0.136,1.273,1.137,0.086,0.08,-0.006,0.135,0.111,-0.024,0.072,0.193,0.121,0.07,Imposter
Tejas C,0.119,0.224,0.105,0.135,0.16,0.025,0.079,0.144,0.065,0.199,0.336,0.137,0.119,0.168,0.049,0.216,0.128,-0.088,0.135,0.264,0.129,0.087,0.056,-0.031,0.183,0.152,-0.031,0.071,0.176,0.105,0.087,Imposter
Tejas C,0.079,0.24,0.161,0.127,0.16,0.033,0.087,0.104,0.017,0.167,0.296,0.129,0.135,0.143,0.008,0.216,0.153,-0.063,0.111,0.224,0.113,0.087,0.048,-0.039,0.183,0.152,-0.031,0.071,0.208,0.137,0.031,Imposter
Tejas S,0.031,0.4,0.369,0.079,0.64,0.561,0.095,0.216,0.121,0.127,0.64,0.513,0.095,0.287,0.192,0.392,0.345,-0.047,0.087,0.464,0.377,0.095,0.224,0.129,0.135,0.896,0.761,0.071,0.288,0.217,0.087,Imposter
Tejas S,0.103,0.592,0.489,0.103,0.216,0.113,0.095,0.28,0.185,0.071,0.256,0.185,0.095,0.271,0.176,0.232,0.185,-0.047,0.087,0.4,0.313,0.095,0.272,0.177,0.087,0.224,0.137,0.047,0.272,0.225,0.063,Imposter
Tejas S,0.063,0.76,0.697,0.103,0.232,0.129,0.103,0.24,0.137,0.071,0.488,0.417,0.095,0.223,0.128,0.192,0.121,-0.071,0.079,0.36,0.281,0.103,0.96,0.857,0.111,0.264,0.153,0.063,0.368,0.305,0.111,Imposter
Tejas S,0.063,0.464,0.401,0.2,0.352,0.152,0.087,0.848,0.761,0.063,0.448,0.385,0.102,0.263,0.161,0.224,0.209,-0.015,0.079,0.392,0.313,0.103,0.192,0.089,0.127,0.2,0.073,0.055,0.32,0.265,0.063,Imposter
Tejas S,0.064,0.393,0.329,0.078,0.208,0.13,0.118,0.223,0.105,0.12,0.353,0.233,0.094,0.215,0.121,0.184,0.145,-0.039,0.071,0.416,0.345,0.086,0.208,0.122,0.118,0.215,0.097,0.072,0.281,0.209,0.103,Imposter
Tejas S,0.158,0.248,0.09,0.11,0.247,0.137,0.104,0.241,0.137,0.095,0.551,0.456,0.103,0.344,0.241,0.24,0.168,-0.072,0.088,0.408,0.32,0.095,0.176,0.081,0.151,0.224,0.073,0.047,0.249,0.202,0.062,Imposter
Tejas S,0.063,0.456,0.393,0.111,0.216,0.105,0.103,0.232,0.129,0.103,0.368,0.265,0.079,0.176,0.097,0.183,0.16,-0.023,0.072,0.36,0.288,0.111,0.144,0.033,0.135,0.224,0.089,0.055,0.272,0.217,0.079,Imposter
Tejas S,0.086,0.407,0.321,0.064,0.216,0.152,0.111,0.248,0.137,0.087,0.304,0.217,0.087,0.223,0.136,0.192,0.129,-0.063,0.071,0.368,0.297,0.111,0.152,0.041,0.143,0.2,0.057,0.071,0.28,0.209,0.079,Imposter
Tejas S,0.066,1.52,1.454,0.079,0.248,0.169,0.119,0.216,0.097,0.143,0.448,0.305,0.095,0.303,0.208,0.216,0.129,-0.087,0.095,0.408,0.313,0.103,0.16,0.057,0.127,0.24,0.113,0.063,0.264,0.201,0.055,Imposter
Tejas S,0.071,0.256,0.185,0.095,0.192,0.097,0.079,0.216,0.137,0.055,0.519,0.464,0.088,0.208,0.12,0.216,0.169,-0.047,0.079,0.48,0.401,0.103,0.224,0.121,0.127,0.224,0.097,0.071,0.296,0.225,0.079,Imposter
Tejas S,0.055,0.336,0.281,0.079,0.191,0.112,0.087,0.225,0.138,0.111,0.384,0.273,0.087,0.279,0.192,0.28,0.185,-0.095,0.095,0.432,0.337,0.111,0.16,0.049,0.135,0.208,0.073,0.071,0.272,0.201,0.095,Imposter
Tejas S,0.079,0.368,0.289,0.094,0.272,0.178,0.103,0.24,0.137,0.127,0.304,0.177,0.102,0.255,0.153,0.248,0.209,-0.039,0.079,0.464,0.385,0.11,0.207,0.097,0.135,0.225,0.09,0.062,0.336,0.274,0.088,Imposter
Tejas S,0.087,0.28,0.193,0.079,0.208,0.129,0.103,0.84,0.737,0.087,0.464,0.377,0.087,0.319,0.232,0.216,0.185,-0.031,0.087,0.464,0.377,0.111,0.264,0.153,0.135,0.28,0.145,0.055,0.264,0.209,0.071,Imposter
Tejas S,0.111,0.344,0.233,0.087,0.28,0.193,0.095,0.216,0.121,0.087,0.52,0.433,0.103,0.255,0.152,0.224,0.169,-0.055,0.087,0.488,0.401,0.103,0.248,0.145,0.127,0.192,0.065,0.071,0.336,0.265,0.055,Imposter
Tejas S,0.071,0.312,0.241,0.079,0.224,0.145,0.087,0.183,0.096,0.103,0.537,0.434,0.103,0.327,0.224,0.36,0.193,-0.167,0.247,0.8,0.553,0.071,0.208,0.137,0.127,0.176,0.049,0.079,0.32,0.241,0.071,Imposter
Tejas S,0.095,0.233,0.138,0.086,0.192,0.106,0.079,0.24,0.161,0.111,0.423,0.312,0.096,0.216,0.12,0.223,0.193,-0.03,0.086,0.439,0.353,0.112,0.177,0.065,0.134,0.232,0.098,0.062,0.4,0.338,0.046,Imposter
Tejas S,0.079,0.336,0.257,0.079,0.24,0.161,0.127,0.24,0.113,0.079,0.496,0.417,0.095,0.255,0.16,0.216,0.169,-0.047,0.071,0.392,0.321,0.135,0.16,0.025,0.119,0.2,0.081,0.079,0.312,0.233,0.071,Imposter
Tejas S,0.127,0.296,0.169,0.094,0.192,0.098,0.094,0.184,0.09,0.103,0.368,0.265,0.087,0.239,0.152,0.224,0.153,-0.071,0.079,0.432,0.353,0.119,0.136,0.017,0.102,0.167,0.065,0.079,0.273,0.194,0.087,Imposter
Tejas S,0.152,0.264,0.112,0.08,0.241,0.161,0.094,0.279,0.185,0.095,0.393,0.298,0.103,0.351,0.248,0.239,0.232,-0.007,0.072,0.44,0.368,0.119,0.176,0.057,0.127,0.176,0.049,0.071,0.24,0.169,0.095,Imposter
Tejas S,0.111,0.336,0.225,0.063,0.24,0.177,0.119,0.224,0.105,0.079,0.504,0.425,0.103,0.503,0.4,0.256,0.209,-0.047,0.087,0.424,0.337,0.143,0.216,0.073,0.032,0.128,0.096,0.079,0.368,0.289,0.079,Imposter
Tejas S,0.127,0.968,0.841,0.095,0.264,0.169,0.111,0.248,0.137,0.111,0.64,0.529,0.087,0.319,0.232,0.264,0.257,-0.007,0.079,0.456,0.377,0.143,0.168,0.025,0.119,0.2,0.081,0.079,0.232,0.153,0.087,Imposter
Tejas S,0.087,0.328,0.241,0.087,0.279,0.192,0.127,0.2,0.073,0.088,0.521,0.433,0.078,0.263,0.185,0.231,0.209,-0.022,0.07,0.48,0.41,0.103,0.199,0.096,0.143,0.152,0.009,0.08,0.217,0.137,0.086,Imposter
Vikram,0.05,0.419,0.369,0.087,0.152,0.065,0.079,0.144,0.065,0.135,0.624,0.489,0.103,0.384,0.281,0.343,0.208,-0.135,0.143,0.296,0.153,0.087,0.176,0.089,0.111,0.208,0.097,0.087,0.224,0.137,0.079,Imposter
Vikram,0.095,0.248,0.153,0.103,0.184,0.081,0.087,0.168,0.081,0.111,0.824,0.713,0.095,0.503,0.408,0.232,0.121,-0.111,0.119,0.336,0.217,0.087,0.2,0.113,0.079,0.176,0.097,0.079,0.184,0.105,0.079,Imposter
Vikram,0.079,0.2,0.121,0.103,0.44,0.337,0.071,0.2,0.129,0.103,0.6,0.497,0.103,0.399,0.296,0.248,0.137,-0.111,0.119,0.232,0.113,0.095,0.136,0.041,0.111,0.2,0.089,0.071,0.168,0.097,0.103,Imposter
Vikram,0.078,0.832,0.754,0.095,0.224,0.129,0.087,0.176,0.089,0.103,0.552,0.449,0.095,0.423,0.328,0.232,0.137,-0.095,0.119,0.176,0.057,0.103,0.192,0.089,0.111,0.176,0.065,0.078,0.288,0.21,0.079,Imposter
Vikram,0.064,0.288,0.224,0.103,0.224,0.121,0.087,0.184,0.097,0.112,0.424,0.312,0.127,0.487,0.36,0.304,0.209,-0.095,0.111,0.264,0.153,0.095,0.152,0.057,0.095,0.192,0.097,0.055,0.217,0.162,0.07,Imposter
Vikram,0.071,0.792,0.721,0.095,0.184,0.089,0.087,0.136,0.049,0.119,0.472,0.353,0.087,0.391,0.304,0.216,0.121,-0.095,0.127,0.176,0.049,0.095,0.104,0.009,0.111,0.304,0.193,0.119,0.176,0.057,0.095,Imposter
Vikram,0.087,0.353,0.266,0.103,0.183,0.08,0.088,0.2,0.112,0.103,0.256,0.153,0.119,0.535,0.416,0.209,0.129,-0.08,0.119,0.176,0.057,0.111,0.144,0.033,0.096,0.16,0.064,0.063,0.224,0.161,0.079,Imposter
Vikram,0.071,0.441,0.37,0.094,0.183,0.089,0.079,0.24,0.161,0.111,0.36,0.249,0.106,0.415,0.309,0.184,0.129,-0.055,0.103,0.208,0.105,0.087,0.136,0.049,0.111,0.536,0.425,0.071,0.264,0.193,0.055,Imposter
Vikram,0.08,0.345,0.265,0.105,0.16,0.055,0.087,0.304,0.217,0.111,0.256,0.145,0.103,0.367,0.264,0.216,0.121,-0.095,0.103,0.248,0.145,0.103,0.192,0.089,0.119,0.168,0.049,0.087,0.264,0.177,0.079,Imposter
Vikram,0.079,1.832,1.753,0.095,0.144,0.049,0.079,0.272,0.193,0.111,0.312,0.201,0.095,1.055,0.96,0.192,0.113,-0.079,0.127,0.2,0.073,0.097,0.096,-0.001,0.103,0.16,0.057,0.063,0.232,0.169,0.079,Imposter
Vikram,0.071,0.304,0.233,0.095,0.185,0.09,0.085,0.158,0.073,0.116,0.257,0.141,0.095,0.383,0.288,0.216,0.129,-0.087,0.119,0.232,0.113,0.087,0.12,0.033,0.119,0.176,0.057,0.087,0.272,0.185,0.079,Imposter
Vikram,0.071,0.288,0.217,0.063,0.168,0.105,0.079,0.159,0.08,0.111,0.473,0.362,0.087,0.911,0.824,0.288,0.209,-0.079,0.103,0.224,0.121,0.087,0.152,0.065,0.103,0.328,0.225,0.078,0.336,0.258,0.095,Imposter
Vikram,0.078,0.28,0.202,0.087,0.207,0.12,0.081,0.144,0.063,0.087,0.36,0.273,0.096,0.296,0.2,0.216,0.112,-0.104,0.119,0.224,0.105,0.079,0.104,0.025,0.112,0.169,0.057,0.046,0.272,0.226,0.07,Imposter
Vikram,0.072,0.216,0.144,0.087,0.152,0.065,0.079,0.144,0.065,0.079,0.258,0.179,0.109,0.333,0.224,0.2,0.113,-0.087,0.119,0.168,0.049,0.079,0.104,0.025,0.087,0.16,0.073,0.071,0.216,0.145,0.071,Imposter
Vikram,0.079,0.456,0.377,0.095,0.152,0.057,0.079,0.088,0.009,0.112,0.232,0.12,0.119,0.583,0.464,0.24,0.137,-0.103,0.135,0.2,0.065,0.087,0.128,0.041,0.111,0.208,0.097,0.079,0.224,0.145,0.079,Imposter
Vikram,0.079,0.304,0.225,0.103,0.224,0.121,0.079,0.248,0.169,0.167,0.912,0.745,0.103,0.351,0.248,0.208,0.129,-0.079,0.103,0.36,0.257,0.071,0.264,0.193,0.095,0.16,0.065,0.071,0.224,0.153,0.071,Imposter
Vikram,0.071,0.352,0.281,0.087,0.16,0.073,0.087,0.175,0.088,0.119,0.689,0.57,0.095,0.415,0.32,0.264,0.153,-0.111,0.119,0.216,0.097,0.087,0.128,0.041,0.103,0.176,0.073,0.079,0.248,0.169,0.079,Imposter
Vikram,0.062,0.783,0.721,0.103,0.128,0.025,0.087,0.168,0.081,0.12,0.28,0.16,0.087,0.519,0.432,0.208,0.129,-0.079,0.119,0.184,0.065,0.103,0.112,0.009,0.103,0.144,0.041,0.087,0.248,0.161,0.079,Imposter
Vikram,0.087,0.456,0.369,0.103,0.184,0.081,0.087,0.128,0.041,0.111,0.216,0.105,0.103,0.391,0.288,0.168,0.089,-0.079,0.135,0.216,0.081,0.087,0.128,0.041,0.095,0.112,0.017,0.095,0.256,0.161,0.079,Imposter
Vikram,0.079,0.224,0.145,0.103,0.2,0.097,0.079,0.152,0.073,0.127,0.256,0.129,0.111,0.407,0.296,0.216,0.113,-0.103,0.111,0.2,0.089,0.079,0.12,0.041,0.095,0.144,0.049,0.071,0.232,0.161,0.079,Imposter
Vikram,0.087,0.256,0.169,0.087,0.176,0.089,0.095,0.176,0.081,0.112,0.232,0.12,0.095,0.639,0.544,0.192,0.089,-0.103,0.143,0.184,0.041,0.103,0.136,0.033,0.103,0.152,0.049,0.095,0.272,0.177,0.071,Imposter
Vikram,0.071,0.192,0.121,0.103,0.256,0.153,0.103,0.258,0.155,0.149,0.382,0.233,0.103,0.511,0.408,0.192,0.089,-0.103,0.119,0.24,0.121,0.095,0.16,0.065,0.079,0.144,0.065,0.071,0.232,0.161,0.071,Imposter
Vikram,0.087,0.504,0.417,0.087,0.256,0.169,0.086,0.176,0.09,0.095,0.232,0.137,0.095,0.367,0.272,0.232,0.161,-0.071,0.103,0.16,0.057,0.087,0.104,0.017,0.103,0.184,0.081,0.079,0.24,0.161,0.063,Imposter
Vikram,0.087,0.304,0.217,0.103,0.176,0.073,0.063,0.143,0.08,0.12,0.232,0.112,0.096,0.496,0.4,0.192,0.113,-0.079,0.127,0.224,0.097,0.079,0.12,0.041,0.087,0.144,0.057,0.063,0.248,0.185,0.079,Imposter
Vikram,0.079,0.192,0.113,0.126,0.224,0.098,0.079,0.152,0.073,0.111,0.28,0.169,0.111,0.335,0.224,0.215,0.129,-0.086,0.127,0.232,0.105,0.087,0.104,0.017,0.095,0.16,0.065,0.071,0.264,0.193,0.078,Imposter
Vikram,0.079,0.368,0.289,0.103,0.177,0.074,0.079,0.167,0.088,0.087,0.424,0.337,0.095,0.768,0.673,0.184,0.12,-0.064,0.095,0.201,0.106,0.102,0.143,0.041,0.087,0.152,0.065,0.079,0.272,0.193,0.071,Imposter
Vikram,0.071,0.432,0.361,0.103,0.185,0.082,0.094,0.143,0.049,0.111,0.28,0.169,0.119,0.471,0.352,0.192,0.121,-0.071,0.103,0.256,0.153,0.087,0.168,0.081,0.071,0.088,0.017,0.071,0.288,0.217,0.079,Imposter
Vikram,0.071,0.336,0.265,0.103,0.176,0.073,0.087,0.152,0.065,0.111,0.248,0.137,0.095,0.439,0.344,0.2,0.097,-0.103,0.135,0.224,0.089,0.119,0.2,0.081,0.095,0.12,0.025,0.079,0.24,0.161,0.079,Imposter
Vikram,0.079,0.471,0.392,0.104,0.153,0.049,0.095,0.168,0.073,0.103,0.248,0.145,0.103,0.503,0.4,0.192,0.097,-0.095,0.127,0.176,0.049,0.103,0.168,0.065,0.087,0.104,0.017,0.079,0.272,0.193,0.063,Imposter
Vikram,0.079,0.224,0.145,0.103,0.223,0.12,0.064,0.241,0.177,0.087,0.216,0.129,0.127,0.407,0.28,0.2,0.121,-0.079,0.127,0.16,0.033,0.095,0.12,0.025,0.103,0.136,0.033,0.111,0.28,0.169,0.063,Imposter
Vikram,0.063,0.384,0.321,0.11,0.176,0.066,0.079,0.135,0.056,0.112,0.281,0.169,0.079,0.543,0.464,0.192,0.105,-0.087,0.119,0.232,0.113,0.095,0.168,0.073,0.087,0.136,0.049,0.079,0.24,0.161,0.079,Imposter
Vikram,0.071,0.248,0.177,0.07,0.152,0.082,0.095,0.152,0.057,0.118,0.232,0.114,0.11,0.495,0.385,0.184,0.096,-0.088,0.135,0.144,0.009,0.095,0.152,0.057,0.111,0.104,-0.007,0.079,0.248,0.169,0.071,Imposter
Vikram,0.079,0.215,0.136,0.104,0.177,0.073,0.071,0.144,0.073,0.095,0.233,0.138,0.086,0.398,0.312,0.184,0.081,-0.103,0.119,0.168,0.049,0.071,0.144,0.073,0.103,0.12,0.017,0.071,0.248,0.177,0.071,Imposter
Vikram,0.071,0.192,0.121,0.071,0.144,0.073,0.097,0.64,0.543,0.095,0.32,0.225,0.111,0.311,0.2,0.216,0.121,-0.095,0.119,0.152,0.033,0.095,0.144,0.049,0.119,0.112,-0.007,0.087,1.248,1.161,0.063,Imposter
Vikram,0.079,0.184,0.105,0.086,0.152,0.066,0.079,0.176,0.097,0.103,0.432,0.329,0.118,0.479,0.361,0.24,0.137,-0.103,0.135,0.2,0.065,0.086,0.12,0.034,0.079,0.112,0.033,0.079,0.232,0.153,0.087,Imposter
Vikram,0.087,0.256,0.169,0.095,0.192,0.097,0.087,0.168,0.081,0.119,0.288,0.169,0.103,0.407,0.304,0.2,0.088,-0.112,0.119,0.161,0.042,0.087,0.152,0.065,0.095,0.152,0.057,0.079,0.304,0.225,0.079,Imposter
Vikram,0.079,0.328,0.249,0.095,0.152,0.057,0.079,0.24,0.161,0.103,0.232,0.129,0.095,0.375,0.28,0.208,0.097,-0.111,0.143,0.16,0.017,0.079,0.104,0.025,0.103,0.144,0.041,0.079,0.248,0.169,0.079,Imposter
Vikram,0.071,1.184,1.113,0.095,0.136,0.041,0.079,0.352,0.273,0.087,0.256,0.169,0.103,0.439,0.336,0.208,0.081,-0.127,0.135,0.144,0.009,0.087,0.12,0.033,0.103,0.112,0.009,0.087,0.264,0.177,0.071,Imposter
Vishu,0.092,0.297,0.205,0.098,0.147,0.049,0.091,0.196,0.105,0.088,0.297,0.209,0.088,0.122,0.034,0.197,0.108,-0.089,0.121,0.303,0.182,0.111,0.147,0.036,0.116,0.1,-0.016,0.111,0.219,0.108,0.082,Imposter
Vishu,0.1,0.311,0.211,0.118,0.137,0.019,0.096,0.195,0.099,0.09,0.251,0.161,0.092,0.119,0.027,0.205,0.117,-0.088,0.102,0.296,0.194,0.101,0.154,0.053,0.092,0.096,0.004,0.09,0.225,0.135,0.084,Imposter
Vishu,0.092,0.274,0.182,0.101,0.128,0.027,0.069,0.22,0.151,0.086,0.29,0.204,0.084,0.205,0.121,0.219,0.123,-0.096,0.147,0.317,0.17,0.105,0.165,0.06,0.118,0.122,0.004,0.12,0.238,0.118,0.091,Imposter
Vishu,0.096,0.298,0.202,0.083,0.147,0.064,0.099,0.231,0.132,0.093,0.295,0.202,0.099,0.15,0.051,0.219,0.117,-0.102,0.138,0.33,0.192,0.091,0.161,0.07,0.146,0.108,-0.038,0.092,0.227,0.135,0.078,Imposter
Vishu,0.087,0.218,0.131,0.087,0.19,0.103,0.101,0.208,0.107,0.097,0.301,0.204,0.083,0.149,0.066,0.206,0.113,-0.093,0.112,0.298,0.186,0.119,0.168,0.049,0.113,0.095,-0.018,0.106,0.206,0.1,0.073,Imposter
Vishu,0.095,0.228,0.133,0.096,0.163,0.067,0.091,0.215,0.124,0.095,0.284,0.189,0.092,0.129,0.037,0.246,0.137,-0.109,0.132,0.351,0.219,0.161,0.137,-0.024,0.11,0.128,0.018,0.1,0.218,0.118,0.083,Imposter
Vishu,0.092,0.255,0.163,0.091,0.128,0.037,0.096,0.243,0.147,0.086,0.233,0.147,0.091,0.163,0.072,0.237,0.144,-0.093,0.111,0.309,0.198,0.107,0.175,0.068,0.12,0.12,0,0.08,0.205,0.125,0.082,Imposter
Vishu,0.099,0.281,0.182,0.08,0.144,0.064,0.088,0.323,0.235,0.087,0.237,0.15,0.102,0.183,0.081,0.22,0.134,-0.086,0.19,0.302,0.112,0.087,0.158,0.071,0.129,0.115,-0.014,0.085,0.225,0.14,0.086,Imposter
Vishu,0.115,0.414,0.299,0.089,0.133,0.044,0.112,0.228,0.116,0.101,0.294,0.193,0.092,0.165,0.073,0.215,0.123,-0.092,0.118,0.302,0.184,0.083,0.172,0.089,0.127,0.111,-0.016,0.101,0.198,0.097,0.091,Imposter
Vishu,0.127,0.312,0.185,0.083,0.121,0.038,0.096,0.204,0.108,0.091,0.314,0.223,0.093,0.137,0.044,0.209,0.126,-0.083,0.138,0.278,0.14,0.101,0.163,0.062,0.115,0.105,-0.01,0.086,0.229,0.143,0.082,Imposter
Vishu,0.1,0.532,0.432,0.074,0.087,0.013,0.074,0.261,0.187,0.09,0.325,0.235,0.091,0.151,0.06,0.213,0.118,-0.095,0.168,0.331,0.163,0.086,0.111,0.025,0.11,0.149,0.039,0.072,0.197,0.125,0.079,Imposter
Vishu,0.123,0.31,0.187,0.082,0.106,0.024,0.087,0.232,0.145,0.092,0.308,0.216,0.097,0.137,0.04,0.212,0.125,-0.087,0.192,0.289,0.097,0.101,0.132,0.031,0.109,0.095,-0.014,0.092,0.194,0.102,0.083,Imposter
Vishu,0.114,0.234,0.12,0.115,0.175,0.06,0.095,0.601,0.506,0.113,0.342,0.229,0.104,0.159,0.055,0.215,0.124,-0.091,0.127,0.321,0.194,0.104,0.169,0.065,0.109,0.091,-0.018,0.139,0.223,0.084,0.106,Imposter
Vishu,0.106,0.352,0.246,0.091,0.145,0.054,0.092,0.258,0.166,0.087,0.298,0.211,0.083,0.135,0.052,0.236,0.16,-0.076,0.168,0.324,0.156,0.122,0.136,0.014,0.115,0.142,0.027,0.109,0.213,0.104,0.1,Imposter
Vishu,0.092,0.3,0.208,0.098,0.115,0.017,0.106,0.204,0.098,0.092,0.286,0.194,0.087,0.136,0.049,0.237,0.146,-0.091,0.267,0.308,0.041,0.149,0.099,-0.05,0.18,0.128,-0.052,0.124,0.19,0.066,0.135,Imposter
Vishu,0.091,0.27,0.179,0.086,0.144,0.058,0.086,0.21,0.124,0.091,0.318,0.227,0.103,0.129,0.026,0.245,0.15,-0.095,0.159,0.343,0.184,0.147,0.106,-0.041,0.154,0.228,0.074,0.116,0.209,0.093,0.081,Imposter
Vishu,0.123,0.308,0.185,0.082,0.128,0.046,0.119,0.238,0.119,0.113,0.376,0.263,0.118,0.597,0.479,0.383,0.291,-0.092,0.124,0.2,0.076,0.105,0.14,0.035,0.156,0.083,-0.073,0.168,0.181,0.013,0.141,Imposter
Vishu,0.124,0.221,0.097,0.124,0.168,0.044,0.11,0.178,0.068,0.102,0.348,0.246,0.078,0.137,0.059,0.2,0.108,-0.092,0.233,0.308,0.075,0.095,0.105,0.01,0.15,0.123,-0.027,0.127,0.136,0.009,0.123,Imposter
Vishu,0.116,0.283,0.167,0.073,0.131,0.058,0.105,0.211,0.106,0.091,0.275,0.184,0.092,0.107,0.015,0.222,0.131,-0.091,0.123,0.294,0.171,0.223,0.128,-0.095,0.135,0.156,0.021,0.134,0.265,0.131,0.1,Imposter
Vishu,0.105,0.288,0.183,0.082,0.159,0.077,0.081,0.216,0.135,0.073,0.277,0.204,0.093,0.109,0.016,0.218,0.147,-0.071,0.099,0.296,0.197,0.224,0.114,-0.11,0.145,0.1,-0.045,0.181,0.232,0.051,0.127,Imposter
Vishu,0.132,0.449,0.317,0.093,0.154,0.061,0.109,0.332,0.223,0.096,0.58,0.484,0.087,0.156,0.069,0.2,0.12,-0.08,0.188,0.373,0.185,0.151,0.115,-0.036,0.146,0.145,-0.001,0.127,0.189,0.062,0.101,Imposter
Vishu,0.123,0.368,0.245,0.091,0.148,0.057,0.064,0.351,0.287,0.087,0.296,0.209,0.097,0.12,0.023,0.265,0.169,-0.096,0.3,0.35,0.05,0.114,0.082,-0.032,0.165,0.173,0.008,0.114,0.174,0.06,0.109,Imposter
Vishu,0.1,0.313,0.213,0.105,0.14,0.035,0.097,0.245,0.148,0.097,0.371,0.274,0.103,0.111,0.008,0.241,0.15,-0.091,0.137,0.305,0.168,0.201,0.091,-0.11,0.115,0.153,0.038,0.073,0.188,0.115,0.109,Imposter
Vishu,0.122,0.318,0.196,0.113,0.156,0.043,0.092,0.201,0.109,0.086,0.245,0.159,0.087,0.127,0.04,0.211,0.114,-0.097,0.169,0.343,0.174,0.119,0.121,0.002,0.125,0.14,0.015,0.11,0.204,0.094,0.1,Imposter
Vishu,0.082,0.348,0.266,0.087,0.15,0.063,0.096,0.234,0.138,0.101,0.34,0.239,0.096,0.124,0.028,0.226,0.132,-0.094,0.102,0.412,0.31,0.115,0.132,0.017,0.091,0.151,0.06,0.073,0.206,0.133,0.083,Imposter
Vishu,0.077,0.337,0.26,0.078,0.162,0.084,0.067,0.279,0.212,0.086,0.355,0.269,0.096,0.165,0.069,0.256,0.169,-0.087,0.115,0.394,0.279,0.11,0.126,0.016,0.118,0.188,0.07,0.086,0.213,0.127,0.092,Imposter
Vishu,0.123,0.268,0.145,0.082,0.139,0.057,0.108,0.243,0.135,0.084,0.333,0.249,0.086,0.112,0.026,0.237,0.178,-0.059,0.096,0.347,0.251,0.137,0.092,-0.045,0.106,0.154,0.048,0.098,0.174,0.076,0.096,Imposter
Vishu,0.077,0.286,0.209,0.077,0.133,0.056,0.104,0.224,0.12,0.082,0.259,0.177,0.096,0.132,0.036,0.234,0.143,-0.091,0.104,0.309,0.205,0.154,0.09,-0.064,0.12,0.156,0.036,0.114,0.195,0.081,0.08,Imposter
Vishu,0.104,0.528,0.424,0.091,0.12,0.029,0.092,0.24,0.148,0.082,0.235,0.153,0.086,0.158,0.072,0.214,0.132,-0.082,0.096,0.334,0.238,0.087,0.135,0.048,0.104,0.135,0.031,0.074,0.225,0.151,0.103,Imposter
Vishu,0.139,0.432,0.293,0.105,0.101,-0.004,0.11,0.243,0.133,0.087,0.285,0.198,0.102,0.152,0.05,0.211,0.119,-0.092,0.094,0.313,0.219,0.092,0.092,0,0.116,0.166,0.05,0.079,0.24,0.161,0.088,Imposter
Vishu,0.111,0.304,0.193,0.091,0.125,0.034,0.083,1.012,0.929,0.118,0.688,0.57,0.092,0.399,0.307,0.372,0.286,-0.086,0.151,0.215,0.064,0.12,0.1,-0.02,0.133,0.137,0.004,0.083,0.216,0.133,0.081,Imposter
Vishu,0.109,0.411,0.302,0.079,0.173,0.094,0.095,0.179,0.084,0.101,0.306,0.205,0.096,0.121,0.025,0.247,0.154,-0.093,0.102,0.431,0.329,0.109,0.132,0.023,0.1,0.167,0.067,0.099,0.196,0.097,0.085,Imposter
Vishu,0.08,0.292,0.212,0.078,0.132,0.054,0.097,0.199,0.102,0.096,0.251,0.155,0.091,0.117,0.026,0.223,0.128,-0.095,0.11,0.33,0.22,0.1,0.087,-0.013,0.113,0.209,0.096,0.105,0.194,0.089,0.101,Imposter
